Workbook

Sheet Bolão
A1: RODADA 1 | J1: RODADA 2 | S1: RODADA 3 | AC1: Grupo A | AD1: P | AE1: SG | AF1: GP | AI1: Grupo B | AJ1: P | AK1: SG | AL1: GP | BI1: =COUNTIF($AG$38:$AG$45,"A") & COUNTIF($AG$38:$AG$45,"B") & COUNTIF($AG$38:$AG$45,"C") & COUNTIF($AG$38:$AG$45,"D") & COUNTIF($AG$38:$AG$45,"E") & COUNTIF($AG$38:$AG$45,"F") & COUNTIF($AG$38:$AG$45,"G") & COUNTIF($AG$38:$AG$45,"H") & COUNTIF($AG$38:$AG$45,"I") & COUNTIF($AG$38:$AG$45,"J") & COUNTIF($AG$38:$AG$45,"K") & COUNTIF($AG$38:$AG$45,"L") -> 011111011001
A2: Jogo 1 | F2: 46184 | J2: Jogo 25 | O2: 46191 | S2: Jogo 49 | X2: 46197 | AB2: 1 | AC2: =INDEX($AC$80:$AC$83, MATCH(LARGE($AG$80:$AG$83, AB2), $AG$80:$AG$83, 0)) -> México | AD2: =VLOOKUP(AC2, $AC$80:$AF$83, 2, 0) -> 9 | AE2: =VLOOKUP(AC2, $AC$80:$AF$83, 3, 0) -> 8 | AF2: =VLOOKUP(AC2, $AC$80:$AF$83, 4, 0) -> 9 | AH2: 1 | AI2: =INDEX($AI$80:$AI$83, MATCH(LARGE($AM$80:$AM$83, AH2), $AM$80:$AM$83, 0)) -> Suíça | AJ2: =VLOOKUP(AI2, $AI$80:$AL$83, 2, 0) -> 7 | AK2: =VLOOKUP(AI2, $AI$80:$AL$83, 3, 0) -> 5 | AL2: =VLOOKUP(AI2, $AI$80:$AL$83, 4, 0) -> 7
A3: México | B3: 2 | C3: X | D3: 1 | E3: África do Sul | F3: 16:00 | G3: =IF(B3="", 0, IF(B3>D3, 3, IF(B3=D3, 1, 0))) -> 3 | H3: =IF(D3="", 0, IF(D3>B3, 3, IF(D3=B3, 1, 0))) -> 0 | J3: Tchéquia | K3: 1 | L3: X | M3: 2 | N3: África do Sul | O3: 13:00 | P3: =IF(K3="", 0, IF(K3>M3, 3, IF(K3=M3, 1, 0))) -> 0 | Q3: =IF(M3="", 0, IF(M3>K3, 3, IF(M3=K3, 1, 0))) -> 3 | S3: Suíça | T3: 2 | U3: X | V3: 2 | W3: Canadá | X3: 16:00 | Y3: =IF(T3="", 0, IF(T3>V3, 3, IF(T3=V3, 1, 0))) -> 1 | Z3: =IF(V3="", 0, IF(V3>T3, 3, IF(V3=T3, 1, 0))) -> 1 | AB3: 2 | AC3: =INDEX($AC$80:$AC$83, MATCH(LARGE($AG$80:$AG$83, AB3), $AG$80:$AG$83, 0)) -> África do Sul | AD3: =VLOOKUP(AC3, $AC$80:$AF$83, 2, 0) -> 4 | AE3: =VLOOKUP(AC3, $AC$80:$AF$83, 3, 0) -> 0 | AF3: =VLOOKUP(AC3, $AC$80:$AF$83, 4, 0) -> 4 | AH3: 2 | AI3: =INDEX($AI$80:$AI$83, MATCH(LARGE($AM$80:$AM$83, AH3), $AM$80:$AM$83, 0)) -> Catar | AJ3: =VLOOKUP(AI3, $AI$80:$AL$83, 2, 0) -> 4 | AK3: =VLOOKUP(AI3, $AI$80:$AL$83, 3, 0) -> -1 | AL3: =VLOOKUP(AI3, $AI$80:$AL$83, 4, 0) -> 5
A4: Jogo 2 | F4: 46184 | J4: Jogo 26 | O4: 46191 | S4: Jogo 50 | X4: 46197 | AB4: 3 | AC4: =INDEX($AC$80:$AC$83, MATCH(LARGE($AG$80:$AG$83, AB4), $AG$80:$AG$83, 0)) -> Coreia do Sul | AD4: =VLOOKUP(AC4, $AC$80:$AF$83, 2, 0) -> 2 | AE4: =VLOOKUP(AC4, $AC$80:$AF$83, 3, 0) -> -4 | AF4: =VLOOKUP(AC4, $AC$80:$AF$83, 4, 0) -> 1 | AH4: 3 | AI4: =INDEX($AI$80:$AI$83, MATCH(LARGE($AM$80:$AM$83, AH4), $AM$80:$AM$83, 0)) -> Canadá | AJ4: =VLOOKUP(AI4, $AI$80:$AL$83, 2, 0) -> 4 | AK4: =VLOOKUP(AI4, $AI$80:$AL$83, 3, 0) -> -1 | AL4: =VLOOKUP(AI4, $AI$80:$AL$83, 4, 0) -> 3
A5: Coreia do Sul | B5: 0 | C5: X | D5: 0 | E5: Tchéquia | F5: 23:00 | G5: =IF(B5="", 0, IF(B5>D5, 3, IF(B5=D5, 1, 0))) -> 1 | H5: =IF(D5="", 0, IF(D5>B5, 3, IF(D5=B5, 1, 0))) -> 1 | J5: Suíça | K5: 2 | L5: X | M5: 0 | N5: Bósnia e H. | O5: 16:00 | P5: =IF(K5="", 0, IF(K5>M5, 3, IF(K5=M5, 1, 0))) -> 3 | Q5: =IF(M5="", 0, IF(M5>K5, 3, IF(M5=K5, 1, 0))) -> 0 | S5: Bósnia e H. | T5: 3 | U5: X | V5: 3 | W5: Catar | X5: 16:00 | Y5: =IF(T5="", 0, IF(T5>V5, 3, IF(T5=V5, 1, 0))) -> 1 | Z5: =IF(V5="", 0, IF(V5>T5, 3, IF(V5=T5, 1, 0))) -> 1 | AB5: 4 | AC5: =INDEX($AC$80:$AC$83, MATCH(LARGE($AG$80:$AG$83, AB5), $AG$80:$AG$83, 0)) -> Tchéquia | AD5: =VLOOKUP(AC5, $AC$80:$AF$83, 2, 0) -> 1 | AE5: =VLOOKUP(AC5, $AC$80:$AF$83, 3, 0) -> -4 | AF5: =VLOOKUP(AC5, $AC$80:$AF$83, 4, 0) -> 1 | AH5: 4 | AI5: =INDEX($AI$80:$AI$83, MATCH(LARGE($AM$80:$AM$83, AH5), $AM$80:$AM$83, 0)) -> Bósnia e H. | AJ5: =VLOOKUP(AI5, $AI$80:$AL$83, 2, 0) -> 1 | AK5: =VLOOKUP(AI5, $AI$80:$AL$83, 3, 0) -> -3 | AL5: =VLOOKUP(AI5, $AI$80:$AL$83, 4, 0) -> 3
A6: Jogo 3 | F6: 46185 | J6: Jogo 27 | O6: 46191 | S6: Jogo 51 | X6: 46197
A7: Canadá | B7: 1 | C7: X | D7: 0 | E7: Bósnia e H. | F7: 16:00 | G7: =IF(B7="", 0, IF(B7>D7, 3, IF(B7=D7, 1, 0))) -> 3 | H7: =IF(D7="", 0, IF(D7>B7, 3, IF(D7=B7, 1, 0))) -> 0 | J7: Canadá | K7: 0 | L7: X | M7: 2 | N7: Catar | O7: 19:00 | P7: =IF(K7="", 0, IF(K7>M7, 3, IF(K7=M7, 1, 0))) -> 0 | Q7: =IF(M7="", 0, IF(M7>K7, 3, IF(M7=K7, 1, 0))) -> 3 | S7: Marrocos | T7: 2 | U7: X | V7: 1 | W7: Haiti | X7: 19:00 | Y7: =IF(T7="", 0, IF(T7>V7, 3, IF(T7=V7, 1, 0))) -> 3 | Z7: =IF(V7="", 0, IF(V7>T7, 3, IF(V7=T7, 1, 0))) -> 0 | AC7: Grupo C | AD7: P | AE7: SG | AF7: GP | AI7: Grupo D | AJ7: P | AK7: SG | AL7: GP
A8: Jogo 4 | F8: 46185 | J8: Jogo 28 | O8: 46191 | S8: Jogo 52 | X8: 46197 | AB8: 1 | AC8: =INDEX($AO$80:$AO$83, MATCH(LARGE($AS$80:$AS$83, AB8), $AS$80:$AS$83, 0)) -> Brasil | AD8: =VLOOKUP(AC8, $AO$80:$AR$83, 2, 0) -> 9 | AE8: =VLOOKUP(AC8, $AO$80:$AR$83, 3, 0) -> 8 | AF8: =VLOOKUP(AC8, $AO$80:$AR$83, 4, 0) -> 10 | AH8: 1 | AI8: =INDEX($AU$80:$AU$83, MATCH(LARGE($AY$80:$AY$83, AH8), $AY$80:$AY$83, 0)) -> Paraguai | AJ8: =VLOOKUP(AI8, $AU$80:$AX$83, 2, 0) -> 7 | AK8: =VLOOKUP(AI8, $AU$80:$AX$83, 3, 0) -> 5 | AL8: =VLOOKUP(AI8, $AU$80:$AX$83, 4, 0) -> 8
A9: Estados Unidos | B9: 1 | C9: X | D9: 1 | E9: Paraguai | F9: 22:00 | G9: =IF(B9="", 0, IF(B9>D9, 3, IF(B9=D9, 1, 0))) -> 1 | H9: =IF(D9="", 0, IF(D9>B9, 3, IF(D9=B9, 1, 0))) -> 1 | J9: México | K9: 4 | L9: X | M9: 0 | N9: Coreia do Sul | O9: 22:00 | P9: =IF(K9="", 0, IF(K9>M9, 3, IF(K9=M9, 1, 0))) -> 3 | Q9: =IF(M9="", 0, IF(M9>K9, 3, IF(M9=K9, 1, 0))) -> 0 | S9: Escócia | T9: 2 | U9: X | V9: 3 | W9: Brasil | X9: 19:00 | Y9: =IF(T9="", 0, IF(T9>V9, 3, IF(T9=V9, 1, 0))) -> 0 | Z9: =IF(V9="", 0, IF(V9>T9, 3, IF(V9=T9, 1, 0))) -> 3 | AB9: 2 | AC9: =INDEX($AO$80:$AO$83, MATCH(LARGE($AS$80:$AS$83, AB9), $AS$80:$AS$83, 0)) -> Marrocos | AD9: =VLOOKUP(AC9, $AO$80:$AR$83, 2, 0) -> 6 | AE9: =VLOOKUP(AC9, $AO$80:$AR$83, 3, 0) -> 0 | AF9: =VLOOKUP(AC9, $AO$80:$AR$83, 4, 0) -> 4 | AH9: 2 | AI9: =INDEX($AU$80:$AU$83, MATCH(LARGE($AY$80:$AY$83, AH9), $AY$80:$AY$83, 0)) -> Estados Unidos | AJ9: =VLOOKUP(AI9, $AU$80:$AX$83, 2, 0) -> 5 | AK9: =VLOOKUP(AI9, $AU$80:$AX$83, 3, 0) -> 1 | AL9: =VLOOKUP(AI9, $AU$80:$AX$83, 4, 0) -> 5
A10: Jogo 5 | F10: 46186 | J10: Jogo 29 | O10: 46192 | S10: Jogo 53 | X10: 46197 | AB10: 3 | AC10: =INDEX($AO$80:$AO$83, MATCH(LARGE($AS$80:$AS$83, AB10), $AS$80:$AS$83, 0)) -> Escócia | AD10: =VLOOKUP(AC10, $AO$80:$AR$83, 2, 0) -> 3 | AE10: =VLOOKUP(AC10, $AO$80:$AR$83, 3, 0) -> 0 | AF10: =VLOOKUP(AC10, $AO$80:$AR$83, 4, 0) -> 5 | AH10: 3 | AI10: =INDEX($AU$80:$AU$83, MATCH(LARGE($AY$80:$AY$83, AH10), $AY$80:$AY$83, 0)) -> Austrália | AJ10: =VLOOKUP(AI10, $AU$80:$AX$83, 2, 0) -> 2 | AK10: =VLOOKUP(AI10, $AU$80:$AX$83, 3, 0) -> -3 | AL10: =VLOOKUP(AI10, $AU$80:$AX$83, 4, 0) -> 5
A11: Catar | B11: 0 | C11: X | D11: 3 | E11: Suíça | F11: 16:00 | G11: =IF(B11="", 0, IF(B11>D11, 3, IF(B11=D11, 1, 0))) -> 0 | H11: =IF(D11="", 0, IF(D11>B11, 3, IF(D11=B11, 1, 0))) -> 3 | J11: Estados Unidos | K11: 2 | L11: X | M11: 2 | N11: Austrália | O11: 16:00 | P11: =IF(K11="", 0, IF(K11>M11, 3, IF(K11=M11, 1, 0))) -> 1 | Q11: =IF(M11="", 0, IF(M11>K11, 3, IF(M11=K11, 1, 0))) -> 1 | S11: África do Sul | T11: 1 | U11: X | V11: 1 | W11: Coreia do Sul | X11: 22:00 | Y11: =IF(T11="", 0, IF(T11>V11, 3, IF(T11=V11, 1, 0))) -> 1 | Z11: =IF(V11="", 0, IF(V11>T11, 3, IF(V11=T11, 1, 0))) -> 1 | AB11: 4 | AC11: =INDEX($AO$80:$AO$83, MATCH(LARGE($AS$80:$AS$83, AB11), $AS$80:$AS$83, 0)) -> Haiti | AD11: =VLOOKUP(AC11, $AO$80:$AR$83, 2, 0) -> 0 | AE11: =VLOOKUP(AC11, $AO$80:$AR$83, 3, 0) -> -10 | AF11: =VLOOKUP(AC11, $AO$80:$AR$83, 4, 0) -> 1 | AH11: 4 | AI11: =INDEX($AU$80:$AU$83, MATCH(LARGE($AY$80:$AY$83, AH11), $AY$80:$AY$83, 0)) -> Turquia | AJ11: =VLOOKUP(AI11, $AU$80:$AX$83, 2, 0) -> 1 | AK11: =VLOOKUP(AI11, $AU$80:$AX$83, 3, 0) -> -3 | AL11: =VLOOKUP(AI11, $AU$80:$AX$83, 4, 0) -> 4
A12: Jogo 6 | F12: 46186 | J12: Jogo 30 | O12: 46192 | S12: Jogo 54 | X12: 46197
A13: Brasil | B13: 2 | C13: X | D13: 0 | E13: Marrocos | F13: 19:00 | G13: =IF(B13="", 0, IF(B13>D13, 3, IF(B13=D13, 1, 0))) -> 3 | H13: =IF(D13="", 0, IF(D13>B13, 3, IF(D13=B13, 1, 0))) -> 0 | J13: Escócia | K13: 1 | L13: X | M13: 2 | N13: Marrocos | O13: 19:00 | P13: =IF(K13="", 0, IF(K13>M13, 3, IF(K13=M13, 1, 0))) -> 0 | Q13: =IF(M13="", 0, IF(M13>K13, 3, IF(M13=K13, 1, 0))) -> 3 | S13: Tchéquia | T13: 0 | U13: X | V13: 3 | W13: México | X13: 22:00 | Y13: =IF(T13="", 0, IF(T13>V13, 3, IF(T13=V13, 1, 0))) -> 0 | Z13: =IF(V13="", 0, IF(V13>T13, 3, IF(V13=T13, 1, 0))) -> 3 | AC13: Grupo E | AD13: P | AE13: SG | AF13: GP | AI13: Grupo F | AJ13: P | AK13: SG | AL13: GP
A14: Jogo 7 | F14: 46186 | J14: Jogo 31 | O14: 46192 | S14: Jogo 55 | X14: 46198 | AB14: 1 | AC14: =INDEX($AC$86:$AC$89, MATCH(LARGE($AG$86:$AG$89, AB14), $AG$86:$AG$89, 0)) -> Alemanha | AD14: =VLOOKUP(AC14, $AC$86:$AF$89, 2, 0) -> 7 | AE14: =VLOOKUP(AC14, $AC$86:$AF$89, 3, 0) -> 8 | AF14: =VLOOKUP(AC14, $AC$86:$AF$89, 4, 0) -> 11 | AH14: 1 | AI14: =INDEX($AI$86:$AI$89, MATCH(LARGE($AM$86:$AM$89, AH14), $AM$86:$AM$89, 0)) -> Japão | AJ14: =VLOOKUP(AI14, $AI$86:$AL$89, 2, 0) -> 7 | AK14: =VLOOKUP(AI14, $AI$86:$AL$89, 3, 0) -> 3 | AL14: =VLOOKUP(AI14, $AI$86:$AL$89, 4, 0) -> 6
A15: Haiti | B15: 0 | C15: X | D15: 4 | E15: Escócia | F15: 22:00 | G15: =IF(B15="", 0, IF(B15>D15, 3, IF(B15=D15, 1, 0))) -> 0 | H15: =IF(D15="", 0, IF(D15>B15, 3, IF(D15=B15, 1, 0))) -> 3 | J15: Brasil | K15: 5 | L15: X | M15: 0 | N15: Haiti | O15: 21:30 | P15: =IF(K15="", 0, IF(K15>M15, 3, IF(K15=M15, 1, 0))) -> 3 | Q15: =IF(M15="", 0, IF(M15>K15, 3, IF(M15=K15, 1, 0))) -> 0 | S15: Curaçao | T15: 0 | U15: X | V15: 3 | W15: Costa do Marfim | X15: 17:00 | Y15: =IF(T15="", 0, IF(T15>V15, 3, IF(T15=V15, 1, 0))) -> 0 | Z15: =IF(V15="", 0, IF(V15>T15, 3, IF(V15=T15, 1, 0))) -> 3 | AB15: 2 | AC15: =INDEX($AC$86:$AC$89, MATCH(LARGE($AG$86:$AG$89, AB15), $AG$86:$AG$89, 0)) -> Equador | AD15: =VLOOKUP(AC15, $AC$86:$AF$89, 2, 0) -> 7 | AE15: =VLOOKUP(AC15, $AC$86:$AF$89, 3, 0) -> 6 | AF15: =VLOOKUP(AC15, $AC$86:$AF$89, 4, 0) -> 8 | AH15: 2 | AI15: =INDEX($AI$86:$AI$89, MATCH(LARGE($AM$86:$AM$89, AH15), $AM$86:$AM$89, 0)) -> Holanda | AJ15: =VLOOKUP(AI15, $AI$86:$AL$89, 2, 0) -> 5 | AK15: =VLOOKUP(AI15, $AI$86:$AL$89, 3, 0) -> 1 | AL15: =VLOOKUP(AI15, $AI$86:$AL$89, 4, 0) -> 4
A16: Jogo 8 | F16: 46187 | J16: Jogo 32 | O16: 46193 | S16: Jogo 56 | X16: 46198 | AB16: 3 | AC16: =INDEX($AC$86:$AC$89, MATCH(LARGE($AG$86:$AG$89, AB16), $AG$86:$AG$89, 0)) -> Costa do Marfim | AD16: =VLOOKUP(AC16, $AC$86:$AF$89, 2, 0) -> 3 | AE16: =VLOOKUP(AC16, $AC$86:$AF$89, 3, 0) -> -1 | AF16: =VLOOKUP(AC16, $AC$86:$AF$89, 4, 0) -> 4 | AH16: 3 | AI16: =INDEX($AI$86:$AI$89, MATCH(LARGE($AM$86:$AM$89, AH16), $AM$86:$AM$89, 0)) -> Suécia | AJ16: =VLOOKUP(AI16, $AI$86:$AL$89, 2, 0) -> 4 | AK16: =VLOOKUP(AI16, $AI$86:$AL$89, 3, 0) -> -1 | AL16: =VLOOKUP(AI16, $AI$86:$AL$89, 4, 0) -> 4
A17: Austrália | B17: 2 | C17: X | D17: 2 | E17: Turquia | F17: 01:00 | G17: =IF(B17="", 0, IF(B17>D17, 3, IF(B17=D17, 1, 0))) -> 1 | H17: =IF(D17="", 0, IF(D17>B17, 3, IF(D17=B17, 1, 0))) -> 1 | J17: Turquia | K17: 1 | L17: X | M17: 3 | N17: Paraguai | O17: 00:00 | P17: =IF(K17="", 0, IF(K17>M17, 3, IF(K17=M17, 1, 0))) -> 0 | Q17: =IF(M17="", 0, IF(M17>K17, 3, IF(M17=K17, 1, 0))) -> 3 | S17: Equador | T17: 2 | U17: X | V17: 2 | W17: Alemanha | X17: 17:00 | Y17: =IF(T17="", 0, IF(T17>V17, 3, IF(T17=V17, 1, 0))) -> 1 | Z17: =IF(V17="", 0, IF(V17>T17, 3, IF(V17=T17, 1, 0))) -> 1 | AB17: 4 | AC17: =INDEX($AC$86:$AC$89, MATCH(LARGE($AG$86:$AG$89, AB17), $AG$86:$AG$89, 0)) -> Curaçao | AD17: =VLOOKUP(AC17, $AC$86:$AF$89, 2, 0) -> 0 | AE17: =VLOOKUP(AC17, $AC$86:$AF$89, 3, 0) -> -13 | AF17: =VLOOKUP(AC17, $AC$86:$AF$89, 4, 0) -> 0 | AH17: 4 | AI17: =INDEX($AI$86:$AI$89, MATCH(LARGE($AM$86:$AM$89, AH17), $AM$86:$AM$89, 0)) -> Tunísia | AJ17: =VLOOKUP(AI17, $AI$86:$AL$89, 2, 0) -> 0 | AK17: =VLOOKUP(AI17, $AI$86:$AL$89, 3, 0) -> -3 | AL17: =VLOOKUP(AI17, $AI$86:$AL$89, 4, 0) -> 1
A18: Jogo 9 | F18: 46187 | J18: Jogo 33 | O18: 46193 | S18: Jogo 57 | X18: 46198
A19: Alemanha | B19: 6 | C19: X | D19: 0 | E19: Curaçao | F19: 14:00 | G19: =IF(B19="", 0, IF(B19>D19, 3, IF(B19=D19, 1, 0))) -> 3 | H19: =IF(D19="", 0, IF(D19>B19, 3, IF(D19=B19, 1, 0))) -> 0 | J19: Holanda | K19: 2 | L19: X | M19: 2 | N19: Suécia | O19: 14:00 | P19: =IF(K19="", 0, IF(K19>M19, 3, IF(K19=M19, 1, 0))) -> 1 | Q19: =IF(M19="", 0, IF(M19>K19, 3, IF(M19=K19, 1, 0))) -> 1 | S19: Tunísia | T19: 0 | U19: X | V19: 1 | W19: Holanda | X19: 20:00 | Y19: =IF(T19="", 0, IF(T19>V19, 3, IF(T19=V19, 1, 0))) -> 0 | Z19: =IF(V19="", 0, IF(V19>T19, 3, IF(V19=T19, 1, 0))) -> 3 | AC19: Grupo G | AD19: P | AE19: SG | AF19: GP | AI19: Grupo H | AJ19: P | AK19: SG | AL19: GP
A20: Jogo 10 | F20: 46187 | J20: Jogo 34 | O20: 46193 | S20: Jogo 58 | X20: 46198 | AB20: 1 | AC20: =INDEX($AO$86:$AO$89, MATCH(LARGE($AS$86:$AS$89, AB20), $AS$86:$AS$89, 0)) -> Bélgica | AD20: =VLOOKUP(AC20, $AO$86:$AR$89, 2, 0) -> 9 | AE20: =VLOOKUP(AC20, $AO$86:$AR$89, 3, 0) -> 7 | AF20: =VLOOKUP(AC20, $AO$86:$AR$89, 4, 0) -> 8 | AH20: 1 | AI20: =INDEX($AU$86:$AU$89, MATCH(LARGE($AY$86:$AY$89, AH20), $AY$86:$AY$89, 0)) -> Espanha | AJ20: =VLOOKUP(AI20, $AU$86:$AX$89, 2, 0) -> 7 | AK20: =VLOOKUP(AI20, $AU$86:$AX$89, 3, 0) -> 4 | AL20: =VLOOKUP(AI20, $AU$86:$AX$89, 4, 0) -> 6
A21: Holanda | B21: 1 | C21: X | D21: 1 | E21: Japão | F21: 17:00 | G21: =IF(B21="", 0, IF(B21>D21, 3, IF(B21=D21, 1, 0))) -> 1 | H21: =IF(D21="", 0, IF(D21>B21, 3, IF(D21=B21, 1, 0))) -> 1 | J21: Alemanha | K21: 3 | L21: X | M21: 1 | N21: Costa do Marfim | O21: 17:00 | P21: =IF(K21="", 0, IF(K21>M21, 3, IF(K21=M21, 1, 0))) -> 3 | Q21: =IF(M21="", 0, IF(M21>K21, 3, IF(M21=K21, 1, 0))) -> 0 | S21: Japão | T21: 3 | U21: X | V21: 1 | W21: Suécia | X21: 20:00 | Y21: =IF(T21="", 0, IF(T21>V21, 3, IF(T21=V21, 1, 0))) -> 3 | Z21: =IF(V21="", 0, IF(V21>T21, 3, IF(V21=T21, 1, 0))) -> 0 | AB21: 2 | AC21: =INDEX($AO$86:$AO$89, MATCH(LARGE($AS$86:$AS$89, AB21), $AS$86:$AS$89, 0)) -> Egito | AD21: =VLOOKUP(AC21, $AO$86:$AR$89, 2, 0) -> 6 | AE21: =VLOOKUP(AC21, $AO$86:$AR$89, 3, 0) -> 0 | AF21: =VLOOKUP(AC21, $AO$86:$AR$89, 4, 0) -> 2 | AH21: 2 | AI21: =INDEX($AU$86:$AU$89, MATCH(LARGE($AY$86:$AY$89, AH21), $AY$86:$AY$89, 0)) -> Uruguai | AJ21: =VLOOKUP(AI21, $AU$86:$AX$89, 2, 0) -> 5 | AK21: =VLOOKUP(AI21, $AU$86:$AX$89, 3, 0) -> 3 | AL21: =VLOOKUP(AI21, $AU$86:$AX$89, 4, 0) -> 5
A22: Jogo 11 | F22: 46187 | J22: Jogo 35 | O22: 46193 | S22: Jogo 59 | X22: 46198 | AB22: 3 | AC22: =INDEX($AO$86:$AO$89, MATCH(LARGE($AS$86:$AS$89, AB22), $AS$86:$AS$89, 0)) -> Irã | AD22: =VLOOKUP(AC22, $AO$86:$AR$89, 2, 0) -> 1 | AE22: =VLOOKUP(AC22, $AO$86:$AR$89, 3, 0) -> -3 | AF22: =VLOOKUP(AC22, $AO$86:$AR$89, 4, 0) -> 1 | AH22: 3 | AI22: =INDEX($AU$86:$AU$89, MATCH(LARGE($AY$86:$AY$89, AH22), $AY$86:$AY$89, 0)) -> Arábia Saudita | AJ22: =VLOOKUP(AI22, $AU$86:$AX$89, 2, 0) -> 4 | AK22: =VLOOKUP(AI22, $AU$86:$AX$89, 3, 0) -> 2 | AL22: =VLOOKUP(AI22, $AU$86:$AX$89, 4, 0) -> 5
A23: Costa do Marfim | B23: 0 | C23: X | D23: 2 | E23: Equador | F23: 20:00 | G23: =IF(B23="", 0, IF(B23>D23, 3, IF(B23=D23, 1, 0))) -> 0 | H23: =IF(D23="", 0, IF(D23>B23, 3, IF(D23=B23, 1, 0))) -> 3 | J23: Equador | K23: 4 | L23: X | M23: 0 | N23: Curaçao | O23: 21:00 | P23: =IF(K23="", 0, IF(K23>M23, 3, IF(K23=M23, 1, 0))) -> 3 | Q23: =IF(M23="", 0, IF(M23>K23, 3, IF(M23=K23, 1, 0))) -> 0 | S23: Turquia | T23: 1 | U23: X | V23: 2 | W23: Estados Unidos | X23: 23:00 | Y23: =IF(T23="", 0, IF(T23>V23, 3, IF(T23=V23, 1, 0))) -> 0 | Z23: =IF(V23="", 0, IF(V23>T23, 3, IF(V23=T23, 1, 0))) -> 3 | AB23: 4 | AC23: =INDEX($AO$86:$AO$89, MATCH(LARGE($AS$86:$AS$89, AB23), $AS$86:$AS$89, 0)) -> Nova Zelândia | AD23: =VLOOKUP(AC23, $AO$86:$AR$89, 2, 0) -> 1 | AE23: =VLOOKUP(AC23, $AO$86:$AR$89, 3, 0) -> -4 | AF23: =VLOOKUP(AC23, $AO$86:$AR$89, 4, 0) -> 0 | AH23: 4 | AI23: =INDEX($AU$86:$AU$89, MATCH(LARGE($AY$86:$AY$89, AH23), $AY$86:$AY$89, 0)) -> Cabo Verde | AJ23: =VLOOKUP(AI23, $AU$86:$AX$89, 2, 0) -> 0 | AK23: =VLOOKUP(AI23, $AU$86:$AX$89, 3, 0) -> -9 | AL23: =VLOOKUP(AI23, $AU$86:$AX$89, 4, 0) -> 0
A24: Jogo 12 | F24: 46187 | J24: Jogo 36 | O24: 46194 | S24: Jogo 60 | X24: 46198
A25: Suécia | B25: 1 | C25: X | D25: 0 | E25: Tunísia | F25: 23:00 | G25: =IF(B25="", 0, IF(B25>D25, 3, IF(B25=D25, 1, 0))) -> 3 | H25: =IF(D25="", 0, IF(D25>B25, 3, IF(D25=B25, 1, 0))) -> 0 | J25: Tunísia | K25: 1 | L25: X | M25: 2 | N25: Japão | O25: 01:00 | P25: =IF(K25="", 0, IF(K25>M25, 3, IF(K25=M25, 1, 0))) -> 0 | Q25: =IF(M25="", 0, IF(M25>K25, 3, IF(M25=K25, 1, 0))) -> 3 | S25: Paraguai | T25: 4 | U25: X | V25: 1 | W25: Austrália | X25: 23:00 | Y25: =IF(T25="", 0, IF(T25>V25, 3, IF(T25=V25, 1, 0))) -> 3 | Z25: =IF(V25="", 0, IF(V25>T25, 3, IF(V25=T25, 1, 0))) -> 0 | AC25: Grupo I | AD25: P | AE25: SG | AF25: GP | AI25: Grupo J | AJ25: P | AK25: SG | AL25: GP
A26: Jogo 13 | F26: 46188 | J26: Jogo 37 | O26: 46194 | S26: Jogo 61 | X26: 46199 | AB26: 1 | AC26: =INDEX($AC$92:$AC$95, MATCH(LARGE($AG$92:$AG$95, AB26), $AG$92:$AG$95, 0)) -> França | AD26: =VLOOKUP(AC26, $AC$92:$AF$95, 2, 0) -> 9 | AE26: =VLOOKUP(AC26, $AC$92:$AF$95, 3, 0) -> 8 | AF26: =VLOOKUP(AC26, $AC$92:$AF$95, 4, 0) -> 10 | AH26: 1 | AI26: =INDEX($AI$92:$AI$95, MATCH(LARGE($AM$92:$AM$95, AH26), $AM$92:$AM$95, 0)) -> Argentina | AJ26: =VLOOKUP(AI26, $AI$92:$AL$95, 2, 0) -> 9 | AK26: =VLOOKUP(AI26, $AI$92:$AL$95, 3, 0) -> 8 | AL26: =VLOOKUP(AI26, $AI$92:$AL$95, 4, 0) -> 9
A27: Espanha | B27: 3 | C27: X | D27: 0 | E27: Cabo Verde | F27: 13:00 | G27: =IF(B27="", 0, IF(B27>D27, 3, IF(B27=D27, 1, 0))) -> 3 | H27: =IF(D27="", 0, IF(D27>B27, 3, IF(D27=B27, 1, 0))) -> 0 | J27: Espanha | K27: 2 | L27: X | M27: 1 | N27: Arábia Saudita | O27: 13:00 | P27: =IF(K27="", 0, IF(K27>M27, 3, IF(K27=M27, 1, 0))) -> 3 | Q27: =IF(M27="", 0, IF(M27>K27, 3, IF(M27=K27, 1, 0))) -> 0 | S27: Noruega | T27: 1 | U27: X | V27: 3 | W27: França | X27: 16:00 | Y27: =IF(T27="", 0, IF(T27>V27, 3, IF(T27=V27, 1, 0))) -> 0 | Z27: =IF(V27="", 0, IF(V27>T27, 3, IF(V27=T27, 1, 0))) -> 3 | AB27: 2 | AC27: =INDEX($AC$92:$AC$95, MATCH(LARGE($AG$92:$AG$95, AB27), $AG$92:$AG$95, 0)) -> Noruega | AD27: =VLOOKUP(AC27, $AC$92:$AF$95, 2, 0) -> 4 | AE27: =VLOOKUP(AC27, $AC$92:$AF$95, 3, 0) -> 1 | AF27: =VLOOKUP(AC27, $AC$92:$AF$95, 4, 0) -> 6 | AH27: 2 | AI27: =INDEX($AI$92:$AI$95, MATCH(LARGE($AM$92:$AM$95, AH27), $AM$92:$AM$95, 0)) -> Argélia | AJ27: =VLOOKUP(AI27, $AI$92:$AL$95, 2, 0) -> 6 | AK27: =VLOOKUP(AI27, $AI$92:$AL$95, 3, 0) -> 1 | AL27: =VLOOKUP(AI27, $AI$92:$AL$95, 4, 0) -> 4
A28: Jogo 14 | F28: 46188 | J28: Jogo 38 | O28: 46194 | S28: Jogo 62 | X28: 46199 | AB28: 3 | AC28: =INDEX($AC$92:$AC$95, MATCH(LARGE($AG$92:$AG$95, AB28), $AG$92:$AG$95, 0)) -> Senegal | AD28: =VLOOKUP(AC28, $AC$92:$AF$95, 2, 0) -> 4 | AE28: =VLOOKUP(AC28, $AC$92:$AF$95, 3, 0) -> -1 | AF28: =VLOOKUP(AC28, $AC$92:$AF$95, 4, 0) -> 4 | AH28: 3 | AI28: =INDEX($AI$92:$AI$95, MATCH(LARGE($AM$92:$AM$95, AH28), $AM$92:$AM$95, 0)) -> Áustria | AJ28: =VLOOKUP(AI28, $AI$92:$AL$95, 2, 0) -> 1 | AK28: =VLOOKUP(AI28, $AI$92:$AL$95, 3, 0) -> -4 | AL28: =VLOOKUP(AI28, $AI$92:$AL$95, 4, 0) -> 3
A29: Bélgica | B29: 2 | C29: X | D29: 0 | E29: Egito | F29: 16:00 | G29: =IF(B29="", 0, IF(B29>D29, 3, IF(B29=D29, 1, 0))) -> 3 | H29: =IF(D29="", 0, IF(D29>B29, 3, IF(D29=B29, 1, 0))) -> 0 | J29: Bélgica | K29: 3 | L29: X | M29: 1 | N29: Irã | O29: 16:00 | P29: =IF(K29="", 0, IF(K29>M29, 3, IF(K29=M29, 1, 0))) -> 3 | Q29: =IF(M29="", 0, IF(M29>K29, 3, IF(M29=K29, 1, 0))) -> 0 | S29: Senegal | T29: 1 | U29: X | V29: 0 | W29: Iraque | X29: 16:00 | Y29: =IF(T29="", 0, IF(T29>V29, 3, IF(T29=V29, 1, 0))) -> 3 | Z29: =IF(V29="", 0, IF(V29>T29, 3, IF(V29=T29, 1, 0))) -> 0 | AB29: 4 | AC29: =INDEX($AC$92:$AC$95, MATCH(LARGE($AG$92:$AG$95, AB29), $AG$92:$AG$95, 0)) -> Iraque | AD29: =VLOOKUP(AC29, $AC$92:$AF$95, 2, 0) -> 0 | AE29: =VLOOKUP(AC29, $AC$92:$AF$95, 3, 0) -> -8 | AF29: =VLOOKUP(AC29, $AC$92:$AF$95, 4, 0) -> 0 | AH29: 4 | AI29: =INDEX($AI$92:$AI$95, MATCH(LARGE($AM$92:$AM$95, AH29), $AM$92:$AM$95, 0)) -> Jordânia | AJ29: =VLOOKUP(AI29, $AI$92:$AL$95, 2, 0) -> 1 | AK29: =VLOOKUP(AI29, $AI$92:$AL$95, 3, 0) -> -5 | AL29: =VLOOKUP(AI29, $AI$92:$AL$95, 4, 0) -> 3
A30: Jogo 15 | F30: 46188 | J30: Jogo 39 | O30: 46194 | S30: Jogo 63 | X30: 46199
A31: Arábia Saudita | B31: 1 | C31: X | D31: 1 | E31: Uruguai | F31: 19:00 | G31: =IF(B31="", 0, IF(B31>D31, 3, IF(B31=D31, 1, 0))) -> 1 | H31: =IF(D31="", 0, IF(D31>B31, 3, IF(D31=B31, 1, 0))) -> 1 | J31: Uruguai | K31: 3 | L31: X | M31: 0 | N31: Cabo Verde | O31: 19:00 | P31: =IF(K31="", 0, IF(K31>M31, 3, IF(K31=M31, 1, 0))) -> 3 | Q31: =IF(M31="", 0, IF(M31>K31, 3, IF(M31=K31, 1, 0))) -> 0 | S31: Cabo Verde | T31: 0 | U31: X | V31: 3 | W31: Arábia Saudita | X31: 21:00 | Y31: =IF(T31="", 0, IF(T31>V31, 3, IF(T31=V31, 1, 0))) -> 0 | Z31: =IF(V31="", 0, IF(V31>T31, 3, IF(V31=T31, 1, 0))) -> 3 | AC31: Grupo K | AD31: P | AE31: SG | AF31: GP | AI31: Grupo L | AJ31: P | AK31: SG | AL31: GP
A32: Jogo 16 | F32: 46188 | J32: Jogo 40 | O32: 46194 | S32: Jogo 64 | X32: 46199 | AB32: 1 | AC32: =INDEX($AO$92:$AO$95, MATCH(LARGE($AS$92:$AS$95, AB32), $AS$92:$AS$95, 0)) -> Colômbia | AD32: =VLOOKUP(AC32, $AO$92:$AR$95, 2, 0) -> 7 | AE32: =VLOOKUP(AC32, $AO$92:$AR$95, 3, 0) -> 10 | AF32: =VLOOKUP(AC32, $AO$92:$AR$95, 4, 0) -> 10 | AH32: 1 | AI32: =INDEX($AU$92:$AU$95, MATCH(LARGE($AY$92:$AY$95, AH32), $AY$92:$AY$95, 0)) -> Inglaterra | AJ32: =VLOOKUP(AI32, $AU$92:$AX$95, 2, 0) -> 7 | AK32: =VLOOKUP(AI32, $AU$92:$AX$95, 3, 0) -> 9 | AL32: =VLOOKUP(AI32, $AU$92:$AX$95, 4, 0) -> 9
A33: Irã | B33: 0 | C33: X | D33: 0 | E33: Nova Zelândia | F33: 22:00 | G33: =IF(B33="", 0, IF(B33>D33, 3, IF(B33=D33, 1, 0))) -> 1 | H33: =IF(D33="", 0, IF(D33>B33, 3, IF(D33=B33, 1, 0))) -> 1 | J33: Nova Zelândia | K33: 0 | L33: X | M33: 1 | N33: Egito | O33: 22:00 | P33: =IF(K33="", 0, IF(K33>M33, 3, IF(K33=M33, 1, 0))) -> 0 | Q33: =IF(M33="", 0, IF(M33>K33, 3, IF(M33=K33, 1, 0))) -> 3 | S33: Uruguai | T33: 1 | U33: X | V33: 1 | W33: Espanha | X33: 21:00 | Y33: =IF(T33="", 0, IF(T33>V33, 3, IF(T33=V33, 1, 0))) -> 1 | Z33: =IF(V33="", 0, IF(V33>T33, 3, IF(V33=T33, 1, 0))) -> 1 | AB33: 2 | AC33: =INDEX($AO$92:$AO$95, MATCH(LARGE($AS$92:$AS$95, AB33), $AS$92:$AS$95, 0)) -> Portugal | AD33: =VLOOKUP(AC33, $AO$92:$AR$95, 2, 0) -> 7 | AE33: =VLOOKUP(AC33, $AO$92:$AR$95, 3, 0) -> 7 | AF33: =VLOOKUP(AC33, $AO$92:$AR$95, 4, 0) -> 7 | AH33: 2 | AI33: =INDEX($AU$92:$AU$95, MATCH(LARGE($AY$92:$AY$95, AH33), $AY$92:$AY$95, 0)) -> Croácia | AJ33: =VLOOKUP(AI33, $AU$92:$AX$95, 2, 0) -> 7 | AK33: =VLOOKUP(AI33, $AU$92:$AX$95, 3, 0) -> 8 | AL33: =VLOOKUP(AI33, $AU$92:$AX$95, 4, 0) -> 8
A34: Jogo 17 | F34: 46189 | J34: Jogo 41 | O34: 46195 | S34: Jogo 65 | X34: 46200 | AB34: 3 | AC34: =INDEX($AO$92:$AO$95, MATCH(LARGE($AS$92:$AS$95, AB34), $AS$92:$AS$95, 0)) -> Uzbequistão | AD34: =VLOOKUP(AC34, $AO$92:$AR$95, 2, 0) -> 1 | AE34: =VLOOKUP(AC34, $AO$92:$AR$95, 3, 0) -> -8 | AF34: =VLOOKUP(AC34, $AO$92:$AR$95, 4, 0) -> 2 | AH34: 3 | AI34: =INDEX($AU$92:$AU$95, MATCH(LARGE($AY$92:$AY$95, AH34), $AY$92:$AY$95, 0)) -> Gana | AJ34: =VLOOKUP(AI34, $AU$92:$AX$95, 2, 0) -> 3 | AK34: =VLOOKUP(AI34, $AU$92:$AX$95, 3, 0) -> -8 | AL34: =VLOOKUP(AI34, $AU$92:$AX$95, 4, 0) -> 3
A35: França | B35: 3 | C35: X | D35: 1 | E35: Senegal | F35: 16:00 | G35: =IF(B35="", 0, IF(B35>D35, 3, IF(B35=D35, 1, 0))) -> 3 | H35: =IF(D35="", 0, IF(D35>B35, 3, IF(D35=B35, 1, 0))) -> 0 | J35: Argentina | K35: 3 | L35: X | M35: 1 | N35: Áustria | O35: 14:00 | P35: =IF(K35="", 0, IF(K35>M35, 3, IF(K35=M35, 1, 0))) -> 3 | Q35: =IF(M35="", 0, IF(M35>K35, 3, IF(M35=K35, 1, 0))) -> 0 | S35: Nova Zelândia | T35: 0 | U35: X | V35: 3 | W35: Bélgica | X35: 00:00 | Y35: =IF(T35="", 0, IF(T35>V35, 3, IF(T35=V35, 1, 0))) -> 0 | Z35: =IF(V35="", 0, IF(V35>T35, 3, IF(V35=T35, 1, 0))) -> 3 | AB35: 4 | AC35: =INDEX($AO$92:$AO$95, MATCH(LARGE($AS$92:$AS$95, AB35), $AS$92:$AS$95, 0)) -> RD Congo | AD35: =VLOOKUP(AC35, $AO$92:$AR$95, 2, 0) -> 1 | AE35: =VLOOKUP(AC35, $AO$92:$AR$95, 3, 0) -> -9 | AF35: =VLOOKUP(AC35, $AO$92:$AR$95, 4, 0) -> 2 | AH35: 4 | AI35: =INDEX($AU$92:$AU$95, MATCH(LARGE($AY$92:$AY$95, AH35), $AY$92:$AY$95, 0)) -> Panamá | AJ35: =VLOOKUP(AI35, $AU$92:$AX$95, 2, 0) -> 0 | AK35: =VLOOKUP(AI35, $AU$92:$AX$95, 3, 0) -> -9 | AL35: =VLOOKUP(AI35, $AU$92:$AX$95, 4, 0) -> 2
A36: Jogo 18 | F36: 46189 | J36: Jogo 42 | O36: 46195 | S36: Jogo 66 | X36: 46200
A37: Iraque | B37: 0 | C37: X | D37: 3 | E37: Noruega | F37: 19:00 | G37: =IF(B37="", 0, IF(B37>D37, 3, IF(B37=D37, 1, 0))) -> 0 | H37: =IF(D37="", 0, IF(D37>B37, 3, IF(D37=B37, 1, 0))) -> 3 | J37: França | K37: 4 | L37: X | M37: 0 | N37: Iraque | O37: 18:00 | P37: =IF(K37="", 0, IF(K37>M37, 3, IF(K37=M37, 1, 0))) -> 3 | Q37: =IF(M37="", 0, IF(M37>K37, 3, IF(M37=K37, 1, 0))) -> 0 | S37: Egito | T37: 1 | U37: X | V37: 0 | W37: Irã | X37: 00:00 | Y37: =IF(T37="", 0, IF(T37>V37, 3, IF(T37=V37, 1, 0))) -> 3 | Z37: =IF(V37="", 0, IF(V37>T37, 3, IF(V37=T37, 1, 0))) -> 0 | AC37: TERCEIROS | AD37: P | AE37: SG | AF37: GP
A38: Jogo 19 | F38: 46189 | J38: Jogo 43 | O38: 46195 | S38: Jogo 67 | X38: 46200 | AB38: 1 | AC38: =INDEX($BC$80:$BC$91, MATCH(LARGE($BG$80:$BG$91, AB38), $BG$80:$BG$91, 0)) -> Arábia Saudita | AD38: =VLOOKUP(AC38, $BC$80:$BH$91, 2, 0) -> 4 | AE38: =VLOOKUP(AC38, $BC$80:$BH$91, 3, 0) -> 2 | AF38: =VLOOKUP(AC38, $BC$80:$BH$91, 4, 0) -> 5 | AG38: =VLOOKUP(AC38, $BC$80:$BH$91, 6, 0) -> H
A39: Argentina | B39: 2 | C39: X | D39: 0 | E39: Argélia | F39: 22:00 | G39: =IF(B39="", 0, IF(B39>D39, 3, IF(B39=D39, 1, 0))) -> 3 | H39: =IF(D39="", 0, IF(D39>B39, 3, IF(D39=B39, 1, 0))) -> 0 | J39: Noruega | K39: 2 | L39: X | M39: 2 | N39: Senegal | O39: 21:00 | P39: =IF(K39="", 0, IF(K39>M39, 3, IF(K39=M39, 1, 0))) -> 1 | Q39: =IF(M39="", 0, IF(M39>K39, 3, IF(M39=K39, 1, 0))) -> 1 | S39: Panamá | T39: 0 | U39: X | V39: 4 | W39: Inglaterra | X39: 18:00 | Y39: =IF(T39="", 0, IF(T39>V39, 3, IF(T39=V39, 1, 0))) -> 0 | Z39: =IF(V39="", 0, IF(V39>T39, 3, IF(V39=T39, 1, 0))) -> 3 | AB39: 2 | AC39: =INDEX($BC$80:$BC$91, MATCH(LARGE($BG$80:$BG$91, AB39), $BG$80:$BG$91, 0)) -> Suécia | AD39: =VLOOKUP(AC39, $BC$80:$BH$91, 2, 0) -> 4 | AE39: =VLOOKUP(AC39, $BC$80:$BH$91, 3, 0) -> -1 | AF39: =VLOOKUP(AC39, $BC$80:$BH$91, 4, 0) -> 4 | AG39: =VLOOKUP(AC39, $BC$80:$BH$91, 6, 0) -> F
A40: Jogo 20 | F40: 46190 | J40: Jogo 44 | O40: 46196 | S40: Jogo 68 | X40: 46200 | AB40: 3 | AC40: =INDEX($BC$80:$BC$91, MATCH(LARGE($BG$80:$BG$91, AB40), $BG$80:$BG$91, 0)) -> Senegal | AD40: =VLOOKUP(AC40, $BC$80:$BH$91, 2, 0) -> 4 | AE40: =VLOOKUP(AC40, $BC$80:$BH$91, 3, 0) -> -1 | AF40: =VLOOKUP(AC40, $BC$80:$BH$91, 4, 0) -> 4 | AG40: =VLOOKUP(AC40, $BC$80:$BH$91, 6, 0) -> I
A41: Áustria | B41: 2 | C41: X | D41: 2 | E41: Jordânia | F41: 01:00 | G41: =IF(B41="", 0, IF(B41>D41, 3, IF(B41=D41, 1, 0))) -> 1 | H41: =IF(D41="", 0, IF(D41>B41, 3, IF(D41=B41, 1, 0))) -> 1 | J41: Jordânia | K41: 1 | L41: X | M41: 2 | N41: Argélia | O41: 00:00 | P41: =IF(K41="", 0, IF(K41>M41, 3, IF(K41=M41, 1, 0))) -> 0 | Q41: =IF(M41="", 0, IF(M41>K41, 3, IF(M41=K41, 1, 0))) -> 3 | S41: Croácia | T41: 4 | U41: X | V41: 0 | W41: Gana | X41: 18:00 | Y41: =IF(T41="", 0, IF(T41>V41, 3, IF(T41=V41, 1, 0))) -> 3 | Z41: =IF(V41="", 0, IF(V41>T41, 3, IF(V41=T41, 1, 0))) -> 0 | AB41: 4 | AC41: =INDEX($BC$80:$BC$91, MATCH(LARGE($BG$80:$BG$91, AB41), $BG$80:$BG$91, 0)) -> Canadá | AD41: =VLOOKUP(AC41, $BC$80:$BH$91, 2, 0) -> 4 | AE41: =VLOOKUP(AC41, $BC$80:$BH$91, 3, 0) -> -1 | AF41: =VLOOKUP(AC41, $BC$80:$BH$91, 4, 0) -> 3 | AG41: =VLOOKUP(AC41, $BC$80:$BH$91, 6, 0) -> B
A42: Jogo 21 | F42: 46190 | J42: Jogo 45 | O42: 46196 | S42: Jogo 69 | X42: 46200 | AB42: 5 | AC42: =INDEX($BC$80:$BC$91, MATCH(LARGE($BG$80:$BG$91, AB42), $BG$80:$BG$91, 0)) -> Escócia | AD42: =VLOOKUP(AC42, $BC$80:$BH$91, 2, 0) -> 3 | AE42: =VLOOKUP(AC42, $BC$80:$BH$91, 3, 0) -> 0 | AF42: =VLOOKUP(AC42, $BC$80:$BH$91, 4, 0) -> 5 | AG42: =VLOOKUP(AC42, $BC$80:$BH$91, 6, 0) -> C
A43: Portugal | B43: 4 | C43: X | D43: 0 | E43: RD Congo | F43: 14:00 | G43: =IF(B43="", 0, IF(B43>D43, 3, IF(B43=D43, 1, 0))) -> 3 | H43: =IF(D43="", 0, IF(D43>B43, 3, IF(D43=B43, 1, 0))) -> 0 | J43: Portugal | K43: 3 | L43: X | M43: 0 | N43: Uzbequistão | O43: 14:00 | P43: =IF(K43="", 0, IF(K43>M43, 3, IF(K43=M43, 1, 0))) -> 3 | Q43: =IF(M43="", 0, IF(M43>K43, 3, IF(M43=K43, 1, 0))) -> 0 | S43: Colômbia | T43: 0 | U43: X | V43: 0 | W43: Portugal | X43: 20:30 | Y43: =IF(T43="", 0, IF(T43>V43, 3, IF(T43=V43, 1, 0))) -> 1 | Z43: =IF(V43="", 0, IF(V43>T43, 3, IF(V43=T43, 1, 0))) -> 1 | AB43: 6 | AC43: =INDEX($BC$80:$BC$91, MATCH(LARGE($BG$80:$BG$91, AB43), $BG$80:$BG$91, 0)) -> Costa do Marfim | AD43: =VLOOKUP(AC43, $BC$80:$BH$91, 2, 0) -> 3 | AE43: =VLOOKUP(AC43, $BC$80:$BH$91, 3, 0) -> -1 | AF43: =VLOOKUP(AC43, $BC$80:$BH$91, 4, 0) -> 4 | AG43: =VLOOKUP(AC43, $BC$80:$BH$91, 6, 0) -> E
A44: Jogo 22 | F44: 46190 | J44: Jogo 46 | O44: 46196 | S44: Jogo 70 | X44: 46200 | AB44: 7 | AC44: =INDEX($BC$80:$BC$91, MATCH(LARGE($BG$80:$BG$91, AB44), $BG$80:$BG$91, 0)) -> Gana | AD44: =VLOOKUP(AC44, $BC$80:$BH$91, 2, 0) -> 3 | AE44: =VLOOKUP(AC44, $BC$80:$BH$91, 3, 0) -> -8 | AF44: =VLOOKUP(AC44, $BC$80:$BH$91, 4, 0) -> 3 | AG44: =VLOOKUP(AC44, $BC$80:$BH$91, 6, 0) -> L
A45: Inglaterra | B45: 0 | C45: X | D45: 0 | E45: Croácia | F45: 17:00 | G45: =IF(B45="", 0, IF(B45>D45, 3, IF(B45=D45, 1, 0))) -> 1 | H45: =IF(D45="", 0, IF(D45>B45, 3, IF(D45=B45, 1, 0))) -> 1 | J45: Inglaterra | K45: 5 | L45: X | M45: 0 | N45: Gana | O45: 17:00 | P45: =IF(K45="", 0, IF(K45>M45, 3, IF(K45=M45, 1, 0))) -> 3 | Q45: =IF(M45="", 0, IF(M45>K45, 3, IF(M45=K45, 1, 0))) -> 0 | S45: RD Congo | T45: 2 | U45: X | V45: 2 | W45: Uzbequistão | X45: 20:30 | Y45: =IF(T45="", 0, IF(T45>V45, 3, IF(T45=V45, 1, 0))) -> 1 | Z45: =IF(V45="", 0, IF(V45>T45, 3, IF(V45=T45, 1, 0))) -> 1 | AB45: 8 | AC45: =INDEX($BC$80:$BC$91, MATCH(LARGE($BG$80:$BG$91, AB45), $BG$80:$BG$91, 0)) -> Austrália | AD45: =VLOOKUP(AC45, $BC$80:$BH$91, 2, 0) -> 2 | AE45: =VLOOKUP(AC45, $BC$80:$BH$91, 3, 0) -> -3 | AF45: =VLOOKUP(AC45, $BC$80:$BH$91, 4, 0) -> 5 | AG45: =VLOOKUP(AC45, $BC$80:$BH$91, 6, 0) -> D
A46: Jogo 23 | F46: 46190 | J46: Jogo 47 | O46: 46196 | S46: Jogo 71 | X46: 46200 | AB46: 9 | AC46: =INDEX($BC$80:$BC$91, MATCH(LARGE($BG$80:$BG$91, AB46), $BG$80:$BG$91, 0)) -> Coreia do Sul | AD46: =VLOOKUP(AC46, $BC$80:$BH$91, 2, 0) -> 2 | AE46: =VLOOKUP(AC46, $BC$80:$BH$91, 3, 0) -> -4 | AF46: =VLOOKUP(AC46, $BC$80:$BH$91, 4, 0) -> 1 | AG46: =VLOOKUP(AC46, $BC$80:$BH$91, 6, 0) -> A
A47: Gana | B47: 3 | C47: X | D47: 2 | E47: Panamá | F47: 20:00 | G47: =IF(B47="", 0, IF(B47>D47, 3, IF(B47=D47, 1, 0))) -> 3 | H47: =IF(D47="", 0, IF(D47>B47, 3, IF(D47=B47, 1, 0))) -> 0 | J47: Panamá | K47: 0 | L47: X | M47: 4 | N47: Croácia | O47: 20:00 | P47: =IF(K47="", 0, IF(K47>M47, 3, IF(K47=M47, 1, 0))) -> 0 | Q47: =IF(M47="", 0, IF(M47>K47, 3, IF(M47=K47, 1, 0))) -> 3 | S47: Argélia | T47: 2 | U47: X | V47: 0 | W47: Áustria | X47: 23:00 | Y47: =IF(T47="", 0, IF(T47>V47, 3, IF(T47=V47, 1, 0))) -> 3 | Z47: =IF(V47="", 0, IF(V47>T47, 3, IF(V47=T47, 1, 0))) -> 0 | AB47: 10 | AC47: =INDEX($BC$80:$BC$91, MATCH(LARGE($BG$80:$BG$91, AB47), $BG$80:$BG$91, 0)) -> Irã | AD47: =VLOOKUP(AC47, $BC$80:$BH$91, 2, 0) -> 1 | AE47: =VLOOKUP(AC47, $BC$80:$BH$91, 3, 0) -> -3 | AF47: =VLOOKUP(AC47, $BC$80:$BH$91, 4, 0) -> 1 | AG47: =VLOOKUP(AC47, $BC$80:$BH$91, 6, 0) -> G
A48: Jogo 24 | F48: 46190 | J48: Jogo 48 | O48: 46196 | S48: Jogo 72 | X48: 46200 | AB48: 11 | AC48: =INDEX($BC$80:$BC$91, MATCH(LARGE($BG$80:$BG$91, AB48), $BG$80:$BG$91, 0)) -> Áustria | AD48: =VLOOKUP(AC48, $BC$80:$BH$91, 2, 0) -> 1 | AE48: =VLOOKUP(AC48, $BC$80:$BH$91, 3, 0) -> -4 | AF48: =VLOOKUP(AC48, $BC$80:$BH$91, 4, 0) -> 3 | AG48: =VLOOKUP(AC48, $BC$80:$BH$91, 6, 0) -> J
A49: Uzbequistão | B49: 0 | C49: X | D49: 5 | E49: Colômbia | F49: 23:00 | G49: =IF(B49="", 0, IF(B49>D49, 3, IF(B49=D49, 1, 0))) -> 0 | H49: =IF(D49="", 0, IF(D49>B49, 3, IF(D49=B49, 1, 0))) -> 3 | J49: Colômbia | K49: 5 | L49: X | M49: 0 | N49: RD Congo | O49: 23:00 | P49: =IF(K49="", 0, IF(K49>M49, 3, IF(K49=M49, 1, 0))) -> 3 | Q49: =IF(M49="", 0, IF(M49>K49, 3, IF(M49=K49, 1, 0))) -> 0 | S49: Jordânia | T49: 0 | U49: X | V49: 4 | W49: Argentina | X49: 23:00 | Y49: =IF(T49="", 0, IF(T49>V49, 3, IF(T49=V49, 1, 0))) -> 0 | Z49: =IF(V49="", 0, IF(V49>T49, 3, IF(V49=T49, 1, 0))) -> 3 | AB49: 12 | AC49: =INDEX($BC$80:$BC$91, MATCH(LARGE($BG$80:$BG$91, AB49), $BG$80:$BG$91, 0)) -> Uzbequistão | AD49: =VLOOKUP(AC49, $BC$80:$BH$91, 2, 0) -> 1 | AE49: =VLOOKUP(AC49, $BC$80:$BH$91, 3, 0) -> -8 | AF49: =VLOOKUP(AC49, $BC$80:$BH$91, 4, 0) -> 2 | AG49: =VLOOKUP(AC49, $BC$80:$BH$91, 6, 0) -> K
A52: 16 AVOS DE FINAL
A53: Jogo 73 | F53: 46201
A54: =AC3 -> África do Sul | B54: 1 | C54: X | D54: 0 | E54: =AI3 -> Catar | F54: 16:00
A55: pen. | C55: x
A56: Jogo 74 | F56: 46202
A57: =AC14 -> Alemanha | B57: 2 | C57: X | D57: 0 | E57: =INDEX($AC$38:$AC$49, MATCH( RIGHT(INDEX(Matriz!E:E, MATCH(BI1, Matriz!J:J, 0)), 1), $AG$38:$AG$49, 0)) -> Austrália | F57: 17:30
A58: pen. | C58: x
A59: Jogo 75 | F59: 46202
A60: =AI14 -> Japão | B60: 1 | C60: X | D60: 1 | E60: =AC9 -> Marrocos | F60: 22:00
A61: pen. | B61: 4 | C61: x | D61: 3 | J61: OITAVAS
A62: Jogo 76 | F62: 46202 | J62: Jogo 89 | O62: 46207
A63: =AC8 -> Brasil | B63: 0 | C63: X | D63: 0 | E63: =AI15 -> Holanda | F63: 14:00 | J63: =IF(B57 = "", "", IF(B57 > D57, A57, IF(D57 > B57, E57, IF(D58 > B58, E57, A57)))) -> Alemanha | K63: 1 | L63: X | M63: 2 | N63: =IF(B66 = "", "", IF(B66 > D66, A66, IF(D66 > B66, E66, IF(D67 > B67, E66, A66)))) -> França | O63: 18:00
A64: pen. | B64: 5 | C64: x | D64: 4 | J64: pen. | L64: x
A65: Jogo 77 | F65: 46203 | J65: Jogo 90 | O65: 46207
A66: =AC26 -> França | B66: 3 | C66: X | D66: 1 | E66: =INDEX($AC$38:$AC$49, MATCH( RIGHT(INDEX(Matriz!G:G, MATCH(BI1, Matriz!J:J, 0)), 1), $AG$38:$AG$49, 0)) -> Suécia | F66: 18:00 | J66: =IF(B54 = "", "", IF(B54 > D54, A54, IF(D54 > B54, E54, IF(D55 > B55, E54, A54)))) -> África do Sul | K66: 0 | L66: X | M66: 2 | N66: =IF(B60 = "", "", IF(B60 > D60, A60, IF(D60 > B60, E60, IF(D61 > B61, E60, A60)))) -> Japão | O66: 14:00
A67: pen. | C67: x | J67: pen. | L67: x
A68: Jogo 78 | F68: 46203 | J68: Jogo 91 | O68: 46208
A69: =AC15 -> Equador | B69: 2 | C69: X | D69: 0 | E69: =AC27 -> Noruega | F69: 14:00 | J69: =IF(B63 = "", "", IF(B63 > D63, A63, IF(D63 > B63, E63, IF(D64 > B64, E63, A63)))) -> Brasil | K69: 3 | L69: X | M69: 0 | N69: =IF(B69 = "", "", IF(B69 > D69, A69, IF(D69 > B69, E69, IF(D70 > B70, E69, A69)))) -> Equador | O69: 17:00
A70: pen. | C70: x | J70: pen. | L70: x
A71: Jogo 79 | F71: 46203 | J71: Jogo 92 | O71: 46208
A72: =AC2 -> México | B72: 3 | C72: X | D72: 1 | E72: =INDEX($AC$38:$AC$49, MATCH( RIGHT(INDEX(Matriz!B:B, MATCH(BI1, Matriz!J:J, 0)), 1), $AG$38:$AG$49, 0)) -> Escócia | F72: 22:00 | J72: =IF(B72 = "", "", IF(B72 > D72, A72, IF(D72 > B72, E72, IF(D73 > B73, E72, A72)))) -> México | K72: 2 | L72: X | M72: 2 | N72: =IF(B75 = "", "", IF(B75 > D75, A75, IF(D75 > B75, E75, IF(D76 > B76, E75, A75)))) -> Inglaterra | O72: 21:00
A73: pen. | C73: x | J73: pen. | K73: 5 | L73: x | M73: 4
A74: Jogo 80 | F74: 46204 | J74: Jogo 93 | O74: 46209
A75: =AI32 -> Inglaterra | B75: 3 | C75: X | D75: 0 | E75: =INDEX($AC$38:$AC$49, MATCH( RIGHT(INDEX(Matriz!I:I, MATCH(BI1, Matriz!J:J, 0)), 1), $AG$38:$AG$49, 0)) -> Senegal | F75: 13:00 | J75: =IF(B84 = "", "", IF(B84 > D84, A84, IF(D84 > B84, E84, IF(D85 > B85, E84, A84)))) -> Portugal | K75: 1 | L75: X | M75: 1 | N75: =IF(B87 = "", "", IF(B87 > D87, A87, IF(D87 > B87, E87, IF(D88 > B88, E87, A87)))) -> Espanha | O75: 16:00
A76: pen. | C76: x | J76: pen. | K76: 7 | L76: x | M76: 6
A77: Jogo 81 | F77: 46204 | J77: Jogo 94 | O77: 46209
A78: =AI8 -> Paraguai | B78: 4 | C78: X | D78: 1 | E78: =INDEX($AC$38:$AC$49, MATCH( RIGHT(INDEX(Matriz!D:D, MATCH(BI1, Matriz!J:J, 0)), 1), $AG$38:$AG$49, 0)) -> Canadá | F78: 21:00 | J78: =IF(B78 = "", "", IF(B78 > D78, A78, IF(D78 > B78, E78, IF(D79 > B79, E78, A78)))) -> Paraguai | K78: 0 | L78: X | M78: 2 | N78: =IF(B81 = "", "", IF(B81 > D81, A81, IF(D81 > B81, E81, IF(D82 > B82, E81, A81)))) -> Bélgica | O78: 21:00
A79: pen. | C79: x | J79: pen. | L79: x | AC79: Grupo A | AD79: P | AE79: SG | AF79: GP | AI79: Grupo B | AJ79: P | AK79: SG | AL79: GP | AO79: Grupo C | AP79: P | AQ79: SG | AR79: GP | AU79: Grupo D | AV79: P | AW79: SG | AX79: GP | BC79: TERCEIROS
A80: Jogo 82 | F80: 46204 | J80: Jogo 95 | O80: 46210 | AB80: 1º | AC80: México | AD80: =$G$3+$P$9+$Z$13 -> 9 | AE80: =$B$3+$K$9+$V$13-$D$3-$M$9-$T$13 -> 8 | AF80: =$B$3+$K$9+$V$13 -> 9 | AG80: =AD80+(AE80/100)+(AF80/10000)+0.00004 -> 9.08094 | AH80: 1º | AI80: Suíça | AJ80: =Y$3+P$5+H$11 -> 7 | AK80: =AL80-V$3-M$5-B$11 -> 5 | AL80: =T$3+K$5+D$11 -> 7 | AM80: =AJ80+(AK80/100)+(AL80/10000)+0.00001 -> 7.05071 | AN80: 1º | AO80: Brasil | AP80: =Z$9+P$15+G$13 -> 9 | AQ80: =AR80-T$9-M$15-D$13 -> 8 | AR80: =V$9+K$15+B$13 -> 10 | AS80: =AP80+(AQ80/100)+(AR80/10000)+0.00004 -> 9.08104 | AT80: 1º | AU80: Turquia | AV80: =Y$23+P$17+H$17 -> 1 | AW80: =AX80-V$23-M$17-B$17 -> -3 | AX80: =T$23+K$17+D$17 -> 4 | AY80: =AV80+(AW80/100)+(AX80/10000)+0.00001 -> 0.97041 | BB80: 1º | BC80: =AC$4 -> Coreia do Sul | BD80: =AD$4 -> 2 | BE80: =AE$4 -> -4 | BF80: =AF$4 -> 1 | BG80: =BD80+(BE80/100)+(BF80/10000)+0.000012 -> 1.960112 | BH80: A
A81: =AC20 -> Bélgica | B81: 2 | C81: X | D81: 0 | E81: =INDEX($AC$38:$AC$49, MATCH( RIGHT(INDEX(Matriz!F:F, MATCH(BI1, Matriz!J:J, 0)), 1), $AG$38:$AG$49, 0)) -> Arábia Saudita | F81: 17:00 | J81: =IF(B93 = "", "", IF(B93 > D93, A93, IF(D93 > B93, E93, IF(D94 > B94, E93, A93)))) -> Uruguai | K81: 4 | L81: X | M81: 0 | N81: =IF(B99 = "", "", IF(B99 > D99, A99, IF(D99 > B99, E99, IF(D100 > B100, E99, A99)))) -> Egito | O81: 13:00 | AB81: 2º | AC81: Tchéquia | AD81: =$P$3+$H$5+$Y$13 -> 1 | AE81: =$D$5-$B$5+$K$3-$M$3+$T$13-$V$13 -> -4 | AF81: =$D$5+$T$13+$K$3 -> 1 | AG81: =AD81+(AE81/100)+(AF81/10000)+0.00001 -> 0.96011 | AH81: 2º | AI81: Bósnia e H. | AJ81: =Y$5+Q$5+H$7 -> 1 | AK81: =AL81-V$5-K$5-B$7 -> -3 | AL81: =T$5+M$5+D$7 -> 3 | AM81: =AJ81+(AK81/100)+(AL81/10000)+0.00003 -> 0.97033 | AN81: 2º | AO81: Marrocos | AP81: =Y$7+Q$13+H$13 -> 6 | AQ81: =AR81-V$7-K$13-B$13 -> 0 | AR81: =T$7+M$13+D$13 -> 4 | AS81: =AP81+(AQ81/100)+(AR81/10000)+0.00003 -> 6.00043 | AT81: 2º | AU81: Estados Unidos | AV81: =Z$23+P$11+G$9 -> 5 | AW81: =AX81-T$23-M$11-D$9 -> 1 | AX81: =V$23+K$11+B$9 -> 5 | AY81: =AV81+(AW81/100)+(AX81/10000)+0.00004 -> 5.01054 | BB81: 2º | BC81: =AC$16 -> Costa do Marfim | BD81: =AD$16 -> 3 | BE81: =AE$16 -> -1 | BF81: =AF$16 -> 4 | BG81: =BD81+(BE81/100)+(BF81/10000)+0.000008 -> 2.990408 | BH81: E
A82: pen. | C82: x | J82: pen. | L82: x | AB82: 3º | AC82: Coreia do Sul | AD82: =$G$5+$Q$9+$Z$11 -> 2 | AE82: =$B$5+$M$9+$V$11-$T$11-$K$9-$D$5 -> -4 | AF82: =$B$5+$M$9+$V$11 -> 1 | AG82: =AD82+(AE82/100)+(AF82/10000)+0.00002 -> 1.96012 | AH82: 3º | AI82: Canadá | AJ82: =Z$3+P$7+G$7 -> 4 | AK82: =AL82-T$3-M$7-D$7 -> -1 | AL82: =V$3+K$7+B$7 -> 3 | AM82: =AJ82+(AK82/100)+(AL82/10000)+0.00004 -> 3.99034 | AN82: 3º | AO82: Escócia | AP82: =Y$9+P$13+H$15 -> 3 | AQ82: =AR82-V$9-M$13-B$15 -> 0 | AR82: =T$9+P$13+H$15 -> 5 | AS82: =AP82+(AQ82/100)+(AR82/10000)+0.00001 -> 3.00051 | AT82: 3º | AU82: Paraguai | AV82: =Y$25+Q$17+H$9 -> 7 | AW82: =AX82-V$25-K$17-B$9 -> 5 | AX82: =T$25+M$17+D$9 -> 8 | AY82: =AV82+(AW82/100)+(AX82/10000)+0.00003 -> 7.05083 | BB82: 3º | BC82: =AC$28 -> Senegal | BD82: =AD$28 -> 4 | BE82: =AE$28 -> -1 | BF82: =AF$28 -> 4 | BG82: =BD82+(BE82/100)+(BF82/10000)+0.000004 -> 3.990404 | BH82: I
A83: Jogo 83 | F83: 46205 | J83: Jogo 96 | O83: 46210 | S83: SEMIFINAL | AB83: 4º | AC83: África do Sul | AD83: =$H$3+$Q$3+$Y$11 -> 4 | AE83: =$M$3+$D$3+$T$11-$V$11-$K$3-$B$3 -> 0 | AF83: =$M$3+$D$3+$T$11 -> 4 | AG83: =AD83+(AE83/100)+(AF83/10000)+0.00003 -> 4.00043 | AH83: 4º | AI83: Catar | AJ83: =Z$5+Q$7+G$11 -> 4 | AK83: =AL83-T$5-K$7-D$11 -> -1 | AL83: =V$5+M$7+B$11 -> 5 | AM83: =AJ83+(AK83/100)+(AL83/10000)+0.00002 -> 3.99052 | AN83: 4º | AO83: Haiti | AP83: =Z$7+Q$15+G$15 -> 0 | AQ83: =AR83-T$7-K$15-D$15 -> -10 | AR83: =V$7+M$15+B$15 -> 1 | AS83: =AP83+(AQ83/100)+(AR83/10000)+0.00002 -> -0.09988 | AT83: 4º | AU83: Austrália | AV83: =Z$25+Q$11+G$17 -> 2 | AW83: =AX83-T$25-K$11-D$17 -> -3 | AX83: =V$25+M$11+B$17 -> 5 | AY83: =AV83+(AW83/100)+(AX83/10000)+0.00002 -> 1.97052 | BB83: 4º | BC83: =AI$4 -> Canadá | BD83: =AJ$4 -> 4 | BE83: =AK$4 -> -1 | BF83: =AL$4 -> 3 | BG83: =BD83+(BE83/100)+(BF83/10000)+0.000011 -> 3.990311 | BH83: B
A84: =AC33 -> Portugal | B84: 2 | C84: X | D84: 2 | E84: =AI33 -> Croácia | F84: 20:00 | J84: =IF(B90 = "", "", IF(B90 > D90, A90, IF(D90 > B90, E90, IF(D91 > B91, E90, A90)))) -> Costa do Marfim | K84: 1 | L84: X | M84: 2 | N84: =IF(B96 = "", "", IF(B96 > D96, A96, IF(D96 > B96, E96, IF(D97 > B97, E96, A96)))) -> Colômbia | O84: 17:00 | S84: Jogo 101 | X84: 46217 | BB84: 5º | BC84: =AI$16 -> Suécia | BD84: =AJ$16 -> 4 | BE84: =AK$16 -> -1 | BF84: =AL$16 -> 4 | BG84: =BD84+(BE84/100)+(BF84/10000)+0.000007 -> 3.990407 | BH84: F
A85: pen. | B85: 4 | C85: x | D85: 2 | J85: pen. | L85: x | S85: =IF(K90 = "", "", IF(K90 > M90, J90, IF(M90 > K90, N90, IF(M91 > K91, N90, J90)))) -> França | T85: 3 | U85: X | V85: 0 | W85: =IF(K93 = "", "", IF(K93 > M93, J93, IF(M93 > K93, N93, IF(M94 > K94, N93, J93)))) -> Portugal | X85: 0.66666667 | AC85: Grupo E | AD85: P | AE85: SG | AF85: GP | AI85: Grupo F | AJ85: P | AK85: SG | AL85: GP | AO85: Grupo G | AP85: P | AQ85: SG | AR85: GP | AU85: Grupo H | AV85: P | AW85: SG | AX85: GP | BB85: 6º | BC85: =AI$28 -> Áustria | BD85: =AJ$28 -> 1 | BE85: =AK$28 -> -4 | BF85: =AL$28 -> 3 | BG85: =BD85+(BE85/100)+(BF85/10000)+0.000003 -> 0.960303 | BH85: J
A86: Jogo 84 | F86: 46205 | U86: x | AB86: 1º | AC86: Alemanha | AD86: =G$19+P$21+Z$17 -> 7 | AE86: =AF86-T$17-M$21-D$19 -> 8 | AF86: =V$17+K$21+B$19 -> 11 | AG86: =AD86+(AE86/100)+(AF86/10000)+0.00004 -> 7.08114 | AH86: 1º | AI86: Holanda | AJ86: =Z$19+P$19+G$21 -> 5 | AK86: =AL86-M$19-D$21-T$19 -> 1 | AL86: =V$19+K$19+B$21 -> 4 | AM86: =AJ86+(AK86/100)+(AL86/10000)+0.00004 -> 5.01044 | AN86: 1º | AO86: Bélgica | AP86: =Z$35+P$29+G$29 -> 9 | AQ86: =AR86-T$35-M$29-D$29 -> 7 | AR86: =V$35+K$29+B$29 -> 8 | AS86: =AP86+(AQ86/100)+(AR86/10000)+0.00004 -> 9.07084 | AT86: 1º | AU86: Espanha | AV86: =Z$33+P$27+G$27 -> 7 | AW86: =AX86-T$33-M$27-D$27 -> 4 | AX86: =V$33+K$27+B$27 -> 6 | AY86: =AV86+(AW86/100)+(AX86/10000)+0.00004 -> 7.04064 | BB86: 7º | BC86: =AC$10 -> Escócia | BD86: =AD$10 -> 3 | BE86: =AE$10 -> 0 | BF86: =AF$10 -> 5 | BG86: =BD86+(BE86/100)+(BF86/10000)+0.00001 -> 3.00051 | BH86: C
A87: =AI20 -> Espanha | B87: 4 | C87: X | D87: 0 | E87: =AI27 -> Argélia | F87: 16:00 | S87: Jogo 102 | X87: 46218 | AB87: 2º | AC87: Costa do Marfim | AD87: =Z$15+Q$21+G$23 -> 3 | AE87: =AF87-T$15-K$21-D$23 -> -1 | AF87: =V$15+M$21+B$23 -> 4 | AG87: =AD87+(AE87/100)+(AF87/10000)+0.00002 -> 2.99042 | AH87: 2º | AI87: Japão | AJ87: =Y$21+Q$25+H$21 -> 7 | AK87: =AL87-V$21-K$25-B$21 -> 3 | AL87: =M$25+T$21+D$21 -> 6 | AM87: =AJ87+(AK87/100)+(AL87/10000)+0.00003 -> 7.03063 | AN87: 2º | AO87: Irã | AP87: =Z$37+Q$29+G$33 -> 1 | AQ87: =AR87-T$37-K$29-D$33 -> -3 | AR87: =V$37+M$29+B$33 -> 1 | AS87: =AP87+(AQ87/100)+(AR87/10000)+0.00002 -> 0.97012 | AT87: 2º | AU87: Uruguai | AV87: =Y$33+P$31+H$31 -> 5 | AW87: =AX87-V$33-M$31-B$31 -> 3 | AX87: =T$33+K$31+D$31 -> 5 | AY87: =AV87+(AW87/100)+(AX87/10000)+0.00001 -> 5.03051 | BB87: 8º | BC87: =AC$22 -> Irã | BD87: =AD$22 -> 1 | BE87: =AE$22 -> -3 | BF87: =AF$22 -> 1 | BG87: =BD87+(BE87/100)+(BF87/10000)+0.000006 -> 0.970106 | BH87: G
A88: pen. | C88: x | J88: QUARTAS | S88: =IF(K96 = "", "", IF(K96 > M96, J96, IF(M96 > K96, N96, IF(M97 > K97, N96, J96)))) -> Brasil | T88: 2 | U88: X | V88: 2 | W88: =IF(K99 = "", "", IF(K99 > M99, J99, IF(M99 > K99, N99, IF(M100 > K100, N99, J99)))) -> Colômbia | X88: 0.66666667 | AB88: 3º | AC88: Equador | AD88: =Y$17+P$23+H$23 -> 7 | AE88: =AF88-V$17-M$23-B$23 -> 6 | AF88: =T$17+K$23+D$23 -> 8 | AG88: =AD88+(AE88/100)+(AF88/10000)+0.00001 -> 7.06081 | AH88: 3º | AI88: Suécia | AJ88: =G$25+Z$21+Q$19 -> 4 | AK88: =AL88-T$21-K$19-D$25 -> -1 | AL88: =V$21+M$19+B$25 -> 4 | AM88: =AJ88+(AK88/100)+(AL88/10000)+0.00002 -> 3.99042 | AN88: 3º | AO88: Egito | AP88: =Y$37+Q$33+H$29 -> 6 | AQ88: =AR88-V$37-K$33-B$29 -> 0 | AR88: =T$37+M$33+D$29 -> 2 | AS88: =AP88+(AQ88/100)+(AR88/10000)+0.00003 -> 6.00023 | AT88: 3º | AU88: Arábia Saudita | AV88: =Z$31+Q$27+G$31 -> 4 | AW88: =AX88-T$31-K$27-D$31 -> 2 | AX88: =V$31+M$27+B$31 -> 5 | AY88: =AV88+(AW88/100)+(AX88/10000)+0.00002 -> 4.02052 | BB88: 9º | BC88: =AC$34 -> Uzbequistão | BD88: =AD$34 -> 1 | BE88: =AE$34 -> -8 | BF88: =AF$34 -> 2 | BG88: =BD88+(BE88/100)+(BF88/10000)+0.000002 -> 0.920202 | BH88: K
A89: Jogo 85 | F89: 46206 | J89: Jogo 97 | O89: 46212 | T89: 2 | U89: x | V89: 4 | AB89: 4º | AC89: Curaçao | AD89: =H$19+Q$23+Y$15 -> 0 | AE89: =AF89-V$15-K$23-B$19 -> -13 | AF89: =T$15+M$23+D$19 -> 0 | AG89: =AD89+(AE89/100)+(AF89/10000)+0.00003 -> -0.12997 | AH89: 4º | AI89: Tunísia | AJ89: =Y$19+P$25+H$25 -> 0 | AK89: =AL89-V$19-M$25-B$25 -> -3 | AL89: =T$19+K$25+D$25 -> 1 | AM89: =AJ89+(AK89/100)+(AL89/10000)+0.00001 -> -0.02989 | AN89: 4º | AO89: Nova Zelândia | AP89: =Y$35+P$33+H$33 -> 1 | AQ89: =AR89-V$35-M$33-B$33 -> -4 | AR89: =T$35+K$33+D$33 -> 0 | AS89: =AP89+(AQ89/100)+(AR89/10000)+0.00001 -> 0.96001 | AT89: 4º | AU89: Cabo Verde | AV89: =Y$31+Q$31+H$27 -> 0 | AW89: =AX89-V$31-K$31-B$27 -> -9 | AX89: =T$31+M$31+D$27 -> 0 | AY89: =AV89+(AW89/100)+(AX89/10000)+0.00003 -> -0.08997 | BB89: 10º | BC89: =AI$10 -> Austrália | BD89: =AJ$10 -> 2 | BE89: =AK$10 -> -3 | BF89: =AL$10 -> 5 | BG89: =BD89+(BE89/100)+(BF89/10000)+0.000009 -> 1.970509 | BH89: D
A90: =AI2 -> Suíça | B90: 1 | C90: X | D90: 2 | E90: =INDEX($AC$38:$AC$49, MATCH( RIGHT(INDEX(Matriz!C:C, MATCH(BI1, Matriz!J:J, 0)), 1), $AG$38:$AG$49, 0)) -> Costa do Marfim | F90: 00:00 | J90: =IF(K63 = "", "", IF(K63 > M63, J63, IF(M63 > K63, N63, IF(M64 > K64, N63, J63)))) -> França | K90: 2 | L90: X | M90: 0 | N90: =IF(K66 = "", "", IF(K66 > M66, J66, IF(M66 > K66, N66, IF(M67 > K67, N66, J66)))) -> Japão | O90: 17:00 | BB90: 11º | BC90: =AI$22 -> Arábia Saudita | BD90: =AJ$22 -> 4 | BE90: =AK$22 -> 2 | BF90: =AL$22 -> 5 | BG90: =BD90+(BE90/100)+(BF90/10000)+0.000005 -> 4.020505 | BH90: H
A91: pen. | C91: x | J91: pen. | L91: x | AC91: Grupo I | AD91: P | AE91: SG | AF91: GP | AI91: Grupo J | AJ91: P | AK91: SG | AL91: GP | AO91: Grupo K | AP91: P | AQ91: SG | AR91: GP | AU91: Grupo L | AV91: P | AW91: SG | AX91: GP | BB91: 12º | BC91: =AI$34 -> Gana | BD91: =AJ$34 -> 3 | BE91: =AK$34 -> -8 | BF91: =AL$34 -> 3 | BG91: =BD91+(BE91/100)+(BF91/10000)+0.000001 -> 2.920301 | BH91: L
A92: Jogo 86 | F92: 46206 | J92: Jogo 98 | O92: 46213 | S92: TERCEIRO LUGAR | X92: 46221 | AB92: 1º | AC92: França | AD92: =Z$27+P$37+G$35 -> 9 | AE92: =AF92-T$27-D$35-M$37 -> 8 | AF92: =V$27+K$37+B$35 -> 10 | AG92: =AD92+(AE92/100)+(AF92/10000)+0.00004 -> 9.08104 | AH92: 1º | AI92: Argentina | AJ92: =Z$49+P$35+G$39 -> 9 | AK92: =AL92-T$49-M$35-D$39 -> 8 | AL92: =V$49+K$35+B$39 -> 9 | AM92: =AJ92+(AK92/100)+(AL92/10000)+0.00004 -> 9.08094 | AN92: 1º | AO92: Portugal | AP92: =G$43+P$43+Z$43 -> 7 | AQ92: =AR92-T$43-M$43-D$43 -> 7 | AR92: =V$43+K$43+B$43 -> 7 | AS92: =AP92+(AQ92/100)+(AR92/10000)+0.00004 -> 7.07074 | AT92: 1º | AU92: Inglaterra | AV92: =Z$39+P$45+G$45 -> 7 | AW92: =AX92-T$39-M$45-D$45 -> 9 | AX92: =V$39+K$45+B$45 -> 9 | AY92: =AV92+(AW92/100)+(AX92/10000)+0.00004 -> 7.09094
A93: =AI26 -> Argentina | B93: 0 | C93: X | D93: 0 | E93: =AI21 -> Uruguai | F93: 19:00 | J93: =IF(K75 = "", "", IF(K75 > M75, J75, IF(M75 > K75, N75, IF(M76 > K76, N75, J75)))) -> Portugal | K93: 1 | L93: X | M93: 0 | N93: =IF(K78 = "", "", IF(K78 > M78, J78, IF(M78 > K78, N78, IF(M79 > K79, N78, J78)))) -> Bélgica | O93: 16:00 | S93: =IF(T85 = "", "", IF(T85 < V85, S85, IF(V85 < T85, W85, IF(T86 < V86, S85, W85)))) -> Portugal | T93: 1 | U93: X | V93: 2 | W93: =IF(T88 = "", "", IF(T88 < V88, S88, IF(V88 < T88, W88, IF(T89 < V89, S88, W88)))) -> Brasil | X93: 18:00 | AB93: 2º | AC93: Noruega | AD93: =Y$27+P$39+H$37 -> 4 | AE93: =AF93-V$27-B$37-M$39 -> 1 | AF93: =T$27+K$39+D$37 -> 6 | AG93: =AD93+(AE93/100)+(AF93/10000)+0.00001 -> 4.01061 | AH93: 2º | AI93: Áustria | AJ93: =Z$47+Q$35+G$41 -> 1 | AK93: =AL93-T$47-K$35-D$41 -> -4 | AL93: =V$47+M$35+B$41 -> 3 | AM93: =AJ93+(AK93/100)+(AL93/10000)+0.00002 -> 0.96032 | AN93: 2º | AO93: Colômbia | AP93: =Y$43+P$49+H$49 -> 7 | AQ93: =AR93-V$43-M$49-B$49 -> 10 | AR93: =T$43+K$49+D$49 -> 10 | AS93: =AP93+(AQ93/100)+(AR93/10000)+0.00001 -> 7.10101 | AT93: 2º | AU93: Croácia | AV93: =Y$41+Q$47+H$45 -> 7 | AW93: =AX93-V$41-K$47-B$45 -> 8 | AX93: =T$41+M$47+D$45 -> 8 | AY93: =AV93+(AW93/100)+(AX93/10000)+0.00003 -> 7.08083
A94: pen. | B94: 5 | C94: x | D94: 6 | J94: pen. | L94: x | S94: pen. | U94: x | AB94: 3º | AC94: Senegal | AD94: =Y$29+Q$39+H$35 -> 4 | AE94: =AF94-K$39-B$35-V$29 -> -1 | AF94: =D$35+M$39+T$29 -> 4 | AG94: =AD94+(AE94/100)+(AF94/10000)+0.00003 -> 3.99043 | AH94: 3º | AI94: Argélia | AJ94: =Y$47+Q$41+H$39 -> 6 | AK94: =AL94-V$47-K$41-B$39 -> 1 | AL94: =T$47+M$41+D$39 -> 4 | AM94: =AJ94+(AK94/100)+(AL94/10000)+0.00003 -> 6.01043 | AN94: 3º | AO94: RD Congo | AP94: =Y$45+Q$49+H$43 -> 1 | AQ94: =AR94-V$45-K$49-B$43 -> -9 | AR94: =T$45+M$49+D$43 -> 2 | AS94: =AP94+(AQ94/100)+(AR94/10000)+0.00003 -> 0.91023 | AT94: 3º | AU94: Gana | AV94: =Z$41+Q$45+G$47 -> 3 | AW94: =AX94-T$41-K$45-D$47 -> -8 | AX94: =V$41+M$45+B$47 -> 3 | AY94: =AV94+(AW94/100)+(AX94/10000)+0.00002 -> 2.92032
A95: Jogo 87 | F95: 46206 | J95: Jogo 99 | O95: 46214 | AB95: 4º | AC95: Iraque | AD95: =Z$29+Q$37+G$37 -> 0 | AE95: =AF95-T$29-K$37-D$37 -> -8 | AF95: =V$29+M$37+B$37 -> 0 | AG95: =AD95+(AE95/100)+(AF95/10000)+0.00002 -> -0.07998 | AH95: 4º | AI95: Jordânia | AJ95: =Y$49+P$41+H$41 -> 1 | AK95: =AL95-V$49-M$41-B$41 -> -5 | AL95: =T$49+D$41+K$41 -> 3 | AM95: =AJ95+(AK95/100)+(AL95/10000)+0.00001 -> 0.95031 | AN95: 4º | AO95: Uzbequistão | AP95: =Z$45+Q$43+G$49 -> 1 | AQ95: =AR95-T$45-K$43-D$49 -> -8 | AR95: =V$45+M$43+B$49 -> 2 | AS95: =AP95+(AQ95/100)+(AR95/10000)+0.00002 -> 0.92022 | AT95: 4º | AU95: Panamá | AV95: =Y$39+P$47+H$47 -> 0 | AW95: =AX95-V$39-M$47-B$47 -> -9 | AX95: =T$39+K$47+D$47 -> 2 | AY95: =AV95+(AW95/100)+(AX95/10000)+0.00001 -> -0.08979
A96: =AC32 -> Colômbia | B96: 2 | C96: X | D96: 0 | E96: =INDEX($AC$38:$AC$49, MATCH( RIGHT(INDEX(Matriz!H:H, MATCH(BI1, Matriz!J:J, 0)), 1), $AG$38:$AG$49, 0)) -> Gana | F96: 22:30 | J96: =IF(K69 = "", "", IF(K69 > M69, J69, IF(M69 > K69, N69, IF(M70 > K70, N69, J69)))) -> Brasil | K96: 2 | L96: X | M96: 1 | N96: =IF(K72 = "", "", IF(K72 > M72, J72, IF(M72 > K72, N72, IF(M73 > K73, N72, J72)))) -> México | O96: 18:00
A97: pen. | C97: x | J97: pen. | L97: x
A98: Jogo 88 | F98: 46206 | J98: Jogo 100 | O98: 46214 | S98: FINAL | X98: 46222 | AB98: CAMPEÃO
A99: =AI9 -> Estados Unidos | B99: 1 | C99: X | D99: 1 | E99: =AC21 -> Egito | F99: 15:00 | J99: =IF(K81 = "", "", IF(K81 > M81, J81, IF(M81 > K81, N81, IF(M82 > K82, N81, J81)))) -> Uruguai | K99: 2 | L99: X | M99: 3 | N99: =IF(K84 = "", "", IF(K84 > M84, J84, IF(M84 > K84, N84, IF(M85 > K85, N84, J84)))) -> Colômbia | O99: 22:00 | S99: =IF(T85 = "", "", IF(T85 > V85, S85, IF(V85 > T85, W85, IF(V86 > T86, W85, S85)))) -> França | T99: 4 | U99: X | V99: 2 | W99: =IF(T88 = "", "", IF(T88 > V88, S88, IF(V88 > T88, W88, IF(V89 > T89, W88, S88)))) -> Colômbia | X99: 16:00 | AB99: =IF(T99 = "", "", IF(T99 > V99, S99, IF(V99 > T99, W99, IF(V100 > T100, W99, S99)))) -> França
A100: pen. | B100: 3 | C100: x | D100: 4 | J100: pen. | L100: x | S100: pen. | U100: x

Sheet Matriz
B1: 1A | C1: 1B | D1: 1D | E1: 1E | F1: 1G | G1: 1I | H1: 1K | I1: 1L
A2: 1 | B2: 3E | C2: 3J | D2: 3I | E2: 3F | F2: 3H | G2: 3G | H2: 3L | I2: 3K | J2: =COUNTIF($B2:$I2,"*A") & COUNTIF($B2:$I2,"*B") & COUNTIF($B2:$I2,"*C") & COUNTIF($B2:$I2,"*D") & COUNTIF($B2:$I2,"*E") & COUNTIF($B2:$I2,"*F") & COUNTIF($B2:$I2,"*G") & COUNTIF($B2:$I2,"*H") & COUNTIF($B2:$I2,"*I") & COUNTIF($B2:$I2,"*J") & COUNTIF($B2:$I2,"*K") & COUNTIF($B2:$I2,"*L") -> 000011111111
A3: 2 | B3: 3H | C3: 3G | D3: 3I | E3: 3D | F3: 3J | G3: 3F | H3: 3L | I3: 3K | J3: =COUNTIF($B3:$I3,"*A") & COUNTIF($B3:$I3,"*B") & COUNTIF($B3:$I3,"*C") & COUNTIF($B3:$I3,"*D") & COUNTIF($B3:$I3,"*E") & COUNTIF($B3:$I3,"*F") & COUNTIF($B3:$I3,"*G") & COUNTIF($B3:$I3,"*H") & COUNTIF($B3:$I3,"*I") & COUNTIF($B3:$I3,"*J") & COUNTIF($B3:$I3,"*K") & COUNTIF($B3:$I3,"*L") -> 000101111111
A4: 3 | B4: 3E | C4: 3J | D4: 3I | E4: 3D | F4: 3H | G4: 3G | H4: 3L | I4: 3K | J4: =COUNTIF($B4:$I4,"*A") & COUNTIF($B4:$I4,"*B") & COUNTIF($B4:$I4,"*C") & COUNTIF($B4:$I4,"*D") & COUNTIF($B4:$I4,"*E") & COUNTIF($B4:$I4,"*F") & COUNTIF($B4:$I4,"*G") & COUNTIF($B4:$I4,"*H") & COUNTIF($B4:$I4,"*I") & COUNTIF($B4:$I4,"*J") & COUNTIF($B4:$I4,"*K") & COUNTIF($B4:$I4,"*L") -> 000110111111
A5: 4 | B5: 3E | C5: 3J | D5: 3I | E5: 3D | F5: 3H | G5: 3F | H5: 3L | I5: 3K | J5: =COUNTIF($B5:$I5,"*A") & COUNTIF($B5:$I5,"*B") & COUNTIF($B5:$I5,"*C") & COUNTIF($B5:$I5,"*D") & COUNTIF($B5:$I5,"*E") & COUNTIF($B5:$I5,"*F") & COUNTIF($B5:$I5,"*G") & COUNTIF($B5:$I5,"*H") & COUNTIF($B5:$I5,"*I") & COUNTIF($B5:$I5,"*J") & COUNTIF($B5:$I5,"*K") & COUNTIF($B5:$I5,"*L") -> 000111011111
A6: 5 | B6: 3E | C6: 3G | D6: 3I | E6: 3D | F6: 3J | G6: 3F | H6: 3L | I6: 3K | J6: =COUNTIF($B6:$I6,"*A") & COUNTIF($B6:$I6,"*B") & COUNTIF($B6:$I6,"*C") & COUNTIF($B6:$I6,"*D") & COUNTIF($B6:$I6,"*E") & COUNTIF($B6:$I6,"*F") & COUNTIF($B6:$I6,"*G") & COUNTIF($B6:$I6,"*H") & COUNTIF($B6:$I6,"*I") & COUNTIF($B6:$I6,"*J") & COUNTIF($B6:$I6,"*K") & COUNTIF($B6:$I6,"*L") -> 000111101111
A7: 6 | B7: 3E | C7: 3G | D7: 3J | E7: 3D | F7: 3H | G7: 3F | H7: 3L | I7: 3K | J7: =COUNTIF($B7:$I7,"*A") & COUNTIF($B7:$I7,"*B") & COUNTIF($B7:$I7,"*C") & COUNTIF($B7:$I7,"*D") & COUNTIF($B7:$I7,"*E") & COUNTIF($B7:$I7,"*F") & COUNTIF($B7:$I7,"*G") & COUNTIF($B7:$I7,"*H") & COUNTIF($B7:$I7,"*I") & COUNTIF($B7:$I7,"*J") & COUNTIF($B7:$I7,"*K") & COUNTIF($B7:$I7,"*L") -> 000111110111
A8: 7 | B8: 3E | C8: 3G | D8: 3I | E8: 3D | F8: 3H | G8: 3F | H8: 3L | I8: 3K | J8: =COUNTIF($B8:$I8,"*A") & COUNTIF($B8:$I8,"*B") & COUNTIF($B8:$I8,"*C") & COUNTIF($B8:$I8,"*D") & COUNTIF($B8:$I8,"*E") & COUNTIF($B8:$I8,"*F") & COUNTIF($B8:$I8,"*G") & COUNTIF($B8:$I8,"*H") & COUNTIF($B8:$I8,"*I") & COUNTIF($B8:$I8,"*J") & COUNTIF($B8:$I8,"*K") & COUNTIF($B8:$I8,"*L") -> 000111111011
A9: 8 | B9: 3E | C9: 3G | D9: 3J | E9: 3D | F9: 3H | G9: 3F | H9: 3L | I9: 3I | J9: =COUNTIF($B9:$I9,"*A") & COUNTIF($B9:$I9,"*B") & COUNTIF($B9:$I9,"*C") & COUNTIF($B9:$I9,"*D") & COUNTIF($B9:$I9,"*E") & COUNTIF($B9:$I9,"*F") & COUNTIF($B9:$I9,"*G") & COUNTIF($B9:$I9,"*H") & COUNTIF($B9:$I9,"*I") & COUNTIF($B9:$I9,"*J") & COUNTIF($B9:$I9,"*K") & COUNTIF($B9:$I9,"*L") -> 000111111101
A10: 9 | B10: 3E | C10: 3G | D10: 3J | E10: 3D | F10: 3H | G10: 3F | H10: 3I | I10: 3K | J10: =COUNTIF($B10:$I10,"*A") & COUNTIF($B10:$I10,"*B") & COUNTIF($B10:$I10,"*C") & COUNTIF($B10:$I10,"*D") & COUNTIF($B10:$I10,"*E") & COUNTIF($B10:$I10,"*F") & COUNTIF($B10:$I10,"*G") & COUNTIF($B10:$I10,"*H") & COUNTIF($B10:$I10,"*I") & COUNTIF($B10:$I10,"*J") & COUNTIF($B10:$I10,"*K") & COUNTIF($B10:$I10,"*L") -> 000111111110
A11: 10 | B11: 3H | C11: 3G | D11: 3I | E11: 3C | F11: 3J | G11: 3F | H11: 3L | I11: 3K | J11: =COUNTIF($B11:$I11,"*A") & COUNTIF($B11:$I11,"*B") & COUNTIF($B11:$I11,"*C") & COUNTIF($B11:$I11,"*D") & COUNTIF($B11:$I11,"*E") & COUNTIF($B11:$I11,"*F") & COUNTIF($B11:$I11,"*G") & COUNTIF($B11:$I11,"*H") & COUNTIF($B11:$I11,"*I") & COUNTIF($B11:$I11,"*J") & COUNTIF($B11:$I11,"*K") & COUNTIF($B11:$I11,"*L") -> 001001111111
A12: 11 | B12: 3E | C12: 3J | D12: 3I | E12: 3C | F12: 3H | G12: 3G | H12: 3L | I12: 3K | J12: =COUNTIF($B12:$I12,"*A") & COUNTIF($B12:$I12,"*B") & COUNTIF($B12:$I12,"*C") & COUNTIF($B12:$I12,"*D") & COUNTIF($B12:$I12,"*E") & COUNTIF($B12:$I12,"*F") & COUNTIF($B12:$I12,"*G") & COUNTIF($B12:$I12,"*H") & COUNTIF($B12:$I12,"*I") & COUNTIF($B12:$I12,"*J") & COUNTIF($B12:$I12,"*K") & COUNTIF($B12:$I12,"*L") -> 001010111111
A13: 12 | B13: 3E | C13: 3J | D13: 3I | E13: 3C | F13: 3H | G13: 3F | H13: 3L | I13: 3K | J13: =COUNTIF($B13:$I13,"*A") & COUNTIF($B13:$I13,"*B") & COUNTIF($B13:$I13,"*C") & COUNTIF($B13:$I13,"*D") & COUNTIF($B13:$I13,"*E") & COUNTIF($B13:$I13,"*F") & COUNTIF($B13:$I13,"*G") & COUNTIF($B13:$I13,"*H") & COUNTIF($B13:$I13,"*I") & COUNTIF($B13:$I13,"*J") & COUNTIF($B13:$I13,"*K") & COUNTIF($B13:$I13,"*L") -> 001011011111
... A496: 495 | B496: 3H | C496: 3G | D496: 3B | E496: 3C | F496: 3A | G496: 3F | H496: 3D | I496: 3E | J496: =COUNTIF($B496:$I496,"*A") & COUNTIF($B496:$I496,"*B") & COUNTIF($B496:$I496,"*C") & COUNTIF($B496:$I496,"*D") & COUNTIF($B496:$I496,"*E") & COUNTIF($B496:$I496,"*F") & COUNTIF($B496:$I496,"*G") & COUNTIF($B496:$I496,"*H") & COUNTIF($B496:$I496,"*I") & COUNTIF($B496:$I496,"*J") & COUNTIF($B496:$I496,"*K") & COUNTIF($B496:$I496,"*L") -> 111111110000
